campaign_id,user_id,payment,updated,created,isUnpublished,isDeleted,isDraft,isApproved,isPublic,published
61269b87fd44e10d880dd983,61269342b9e1180d61686d9a,"{'cash': {'available': True, 'budget': 5000, 'minBudget': 100}, 'product': {'available': False, 'budget': 100}, 'royalty': {'available': False, 'budget': 10}, 'equity': {'available': False, 'budget': 10}}",2021-08-25 19:38:00,2021-08-25 19:35:35,FALSE,FALSE,TRUE,FALSE,FALSE,
60c810edba9bff0d35f14179,60c80e784857720d47bba912,"{'cash': {'available': True, 'budget': 2000, 'minBudget': 500}, 'product': {'available': True, 'budget': 5100, 'requestCC': False}, 'royalty': {'available': False, 'budget': 0}, 'equity': {'available': False, 'budget': 0}, 'mediaProduction': True}",2021-06-15 2:53:04,2021-06-15 2:31:10,FALSE,FALSE,TRUE,FALSE,FALSE,
5ef62d675ff1190dd60515cb,5ea19a66edfbf30ddb8b55b6,"{'cash': {'available': False, 'budget': ''}, 'product': {'available': False, 'budget': ''}, 'royalty': {'available': False, 'budget': 0}, 'equity': {'available': True, 'budget': 20}}",2020-06-26 17:32:49,2020-06-26 17:16:24,FALSE,FALSE,TRUE,FALSE,FALSE,
5fce7222b0ebf60d3cd33336,5ac6677269741c3f0b12f699,"{'cash': {'available': False, 'budget': 2000}, 'product': {'available': True, 'budget': 100, 'requestCC': False}, 'royalty': {'available': False, 'budget': 10}, 'equity': {'available': False, 'budget': 10}}",2020-12-07 18:20:24,2020-12-07 18:19:15,FALSE,FALSE,TRUE,FALSE,FALSE,
613657f332d7960d67273b2e,60897d99fa40140d62906a1c,"{'cash': {'available': True, 'budget': 10000, 'minBudget': 100}, 'product': {'available': True, 'budget': 2500, 'requestCC': False}, 'royalty': {'available': True, 'budget': 3}, 'equity': {'available': False, 'budget': 3}, 'mediaProduction': True}",2021-09-27 15:35:15,2021-09-06 18:03:32,FALSE,FALSE,FALSE,TRUE,TRUE,2021-09-27 15:35:15
60b113c13df7b50d73721d1d,60b10f2544ab5f0d80fdcbe2,"{'cash': {'available': True, 'budget': 5000}, 'product': {'available': False, 'budget': 0, 'requestCC': False}, 'royalty': {'available': False, 'budget': 0}, 'equity': {'available': False, 'budget': 0}}",2021-05-28 16:10:27,2021-05-28 16:01:06,FALSE,FALSE,TRUE,FALSE,FALSE,
60e4800a4d9ca6124ae63b4f,60e4673b5e3f8b6eee44c509,"{'equity': {'budget': 0, 'available': False}, 'royalty': {'budget': 0, 'available': False}, 'product': {'budget': 2500, 'available': True, 'requestCC': False}, 'cash': {'budget': 1000, 'available': True, 'minBudget': 25}}",2021-07-06 16:21:49,2021-07-06 16:08:43,FALSE,FALSE,TRUE,FALSE,FALSE,
5de0f246e1ac860dd7bb0402,5de0f0f7494da30d9012b9cc,"{'cash': {'available': True, 'budget': 5000}, 'product': {'available': False, 'budget': 100, 'requestCC': False}, 'royalty': {'available': False, 'budget': 10}, 'equity': {'available': False, 'budget': 10}}",2019-11-29 10:34:19,2019-11-29 10:26:14,FALSE,FALSE,TRUE,FALSE,FALSE,
6095de3fd59ec50d871fb295,6095dba7b8a0510d63296fd9,"{'cash': {'available': False, 'budget': 100, 'minBudget': 100}, 'product': {'available': True, 'budget': 100, 'requestCC': False}, 'royalty': {'available': False, 'budget': 0}, 'equity': {'available': False, 'budget': 0}}",2021-05-08 0:45:39,2021-05-08 0:41:35,FALSE,FALSE,TRUE,FALSE,FALSE,
5d503ebe8d85a420e9aeba91,5d4ef5f7e84bc82bc144ed4c,"{'cash': {'available': True, 'budget': 1300}, 'product': {'available': True, 'budget': ''}, 'royalty': {'available': False, 'budget': 0.1}, 'equity': {'available': False, 'budget': 0}}",2019-08-11 16:24:05,2019-08-11 16:13:51,FALSE,FALSE,TRUE,FALSE,FALSE,
5f9c4ec230f7cb0d647d86d0,5f5692666881dc0d56f8d904,"{'cash': {'available': True, 'budget': 1500}, 'product': {'available': False, 'budget': '', 'requestCC': False}, 'royalty': {'available': False, 'budget': 0}, 'equity': {'available': False, 'budget': 0}}",2020-10-30 20:33:50,2020-10-30 17:34:58,FALSE,FALSE,TRUE,FALSE,FALSE,
6088777eeeff5e6888c524c6,5fdcf6e04707310d661467ec,"{'cash': {'available': True, 'budget': 3000, 'minBudget': 100}, 'product': {'available': True, 'budget': 55, 'requestCC': False}, 'royalty': {'available': False, 'budget': 10}, 'equity': {'available': False, 'budget': 10}}",2021-04-27 20:43:42,2021-04-27 20:43:42,TRUE,FALSE,FALSE,TRUE,FALSE,2021-04-27 23:24:39
5ec7d880e08f190dee8a7609,5ec7c61c965f420dcd51bc4e,"{'cash': {'available': True, 'budget': 5000}, 'product': {'available': True, 'budget': 5000}, 'royalty': {'available': False, 'budget': 0}, 'equity': {'available': True, 'budget': 0}}",2020-05-22 13:51:31,2020-05-22 13:49:53,TRUE,FALSE,FALSE,FALSE,FALSE,2020-05-26 12:10:04
60dd72f9f034ed0d70a5622b,60d2e7eaa3a08b0d3c20736f,"{'equity': {'budget': 0, 'available': False}, 'royalty': {'budget': 0, 'available': False}, 'product': {'budget': 0, 'available': True}, 'cash': {'budget': 0, 'available': False}}",2021-07-01 7:47:06,2021-07-01 7:47:06,FALSE,FALSE,TRUE,FALSE,FALSE,
5d89366312f02b0dab8f802e,5d7113d5c3cec45dc2e8a516,"{'cash': {'available': True, 'budget': 15000}, 'product': {'available': True, 'budget': 130}, 'royalty': {'available': False, 'budget': 10}, 'equity': {'available': False, 'budget': 10}}",2019-09-24 15:20:26,2019-09-23 21:17:24,TRUE,FALSE,FALSE,FALSE,FALSE,2019-09-24 15:20:38
60aad550fbdaf20d6c36047b,60aad253d6ea400d8cb2eafd,"{'equity': {'budget': 0, 'available': False}, 'royalty': {'budget': 0, 'available': False}, 'product': {'budget': 10000, 'available': True, 'requestCC': False}, 'cash': {'budget': '', 'available': False, 'minBudget': None}}",2021-05-23 22:27:14,2021-05-23 22:21:05,FALSE,FALSE,FALSE,TRUE,TRUE,2021-05-23 22:27:14
5f883cec9ca4b70d7742621a,5f802a0beff65c0d5aced2a6,"{'cash': {'available': True, 'budget': 23000}, 'product': {'available': False, 'budget': 100, 'requestCC': False}, 'royalty': {'available': False, 'budget': 10}, 'equity': {'available': True, 'budget': 10}, 'mediaProduction': True}",2020-10-15 12:28:33,2020-10-15 12:13:32,FALSE,FALSE,TRUE,FALSE,FALSE,
60e9253a06ea520d8988b731,60c2386258682e0d8afb3f5a,"{'cash': {'available': True, 'budget': 5000}, 'product': {'available': True, 'budget': 250, 'requestCC': False}, 'royalty': {'available': False, 'budget': 0}, 'equity': {'available': False, 'budget': 0}}",2021-07-10 5:09:35,2021-07-10 4:42:35,FALSE,FALSE,TRUE,FALSE,FALSE,
5e42c940c4031d0dd58488d7,5e3983c56ae7320db9ae57a0,"{'cash': {'available': True, 'budget': 3000}, 'product': {'available': True, 'budget': 130}, 'royalty': {'available': False, 'budget': 0}, 'equity': {'available': False, 'budget': 0}}",2020-02-13 17:26:30,2020-02-11 15:33:21,TRUE,FALSE,FALSE,FALSE,FALSE,2020-02-13 17:26:29
5e522c74757d110de68a6e5c,5e5221f5286ca80d9cc85922,"{'cash': {'available': True, 'budget': 1000}, 'product': {'available': True, 'budget': 100}, 'royalty': {'available': True, 'budget': 70.4}, 'equity': {'available': True, 'budget': 70.8}}",2020-02-23 7:59:13,2020-02-23 7:40:37,FALSE,FALSE,TRUE,FALSE,FALSE,
607436ce2b2f590d74e2aa62,603c9e595557ba0d6a819a8c,"{'cash': {'available': True, 'budget': 500, 'minBudget': 500}, 'product': {'available': False, 'budget': 100, 'requestCC': False}, 'royalty': {'available': False, 'budget': 10}, 'equity': {'available': False, 'budget': 10}}",2021-04-12 12:03:38,2021-04-12 12:02:23,FALSE,FALSE,FALSE,TRUE,TRUE,2021-04-12 12:03:38
5eb1828c0684754dd752454f,5eb181d02d78790df3592b21,"{'cash': {'available': True, 'budget': 17000}, 'product': {'available': True, 'budget': 600}, 'royalty': {'available': True, 'budget': 9.9}, 'equity': {'available': False, 'budget': 0}}",2020-05-05 15:20:47,2020-05-05 15:13:17,FALSE,FALSE,TRUE,FALSE,FALSE,
5ea61b77815eab0dc9a7b9f9,5ea61a71c7f3e50dbf0c8418,"{'cash': {'available': True, 'budget': 5000}, 'product': {'available': False, 'budget': 100}, 'royalty': {'available': False, 'budget': 10}, 'equity': {'available': False, 'budget': 10}}",2020-04-26 23:40:45,2020-04-26 23:38:31,FALSE,FALSE,TRUE,FALSE,FALSE,
5f3451694e70ae0de7c34773,5f32ffaa6b57ab0deba74faf,"{'equity': {'budget': 0, 'available': False}, 'royalty': {'budget': 0, 'available': True}, 'product': {'budget': 500, 'available': True}, 'cash': {'budget': '', 'available': False}}",2020-09-05 12:11:39,2020-08-12 20:30:34,TRUE,FALSE,FALSE,TRUE,FALSE,2020-09-05 12:11:39
5fbbfd26f331840d589a9220,5fbbfb299b436a0d44063a34,"{'cash': {'available': True, 'budget': 1000}, 'product': {'available': True, 'budget': 100, 'requestCC': False}, 'royalty': {'available': False, 'budget': 10}, 'equity': {'available': False, 'budget': 10}}",2020-11-23 18:25:40,2020-11-23 18:19:18,FALSE,FALSE,TRUE,FALSE,FALSE,
5edf0b9a6889d30dbffec949,5edf0aca1e80790df4437081,"{'cash': {'available': True, 'budget': 5000}, 'product': {'available': False, 'budget': 100}, 'royalty': {'available': False, 'budget': 10}, 'equity': {'available': False, 'budget': 10}}",2020-06-09 4:10:53,2020-06-09 4:10:03,FALSE,FALSE,TRUE,FALSE,FALSE,
5c40be2ce97c49670e752c3c,5bb92a7f9af3ba4306075944,"{'equity': {'budget': 0, 'available': False}, 'royalty': {'budget': 0, 'available': True}, 'product': {'budget': 101, 'available': True}, 'cash': {'budget': 500, 'available': True}}",2019-02-27 15:15:33,2019-01-18 21:42:35,TRUE,FALSE,FALSE,FALSE,FALSE,2019-01-18 21:42:26
5d1a7e1268002a50c7956e7f,5d1652279193297b8fe51a9e,"{'cash': {'available': True, 'budget': 250}, 'product': {'available': True, 'budget': 30}, 'royalty': {'available': False, 'budget': 10}, 'equity': {'available': False, 'budget': 10}}",2019-08-31 21:20:13,2019-07-01 21:41:38,TRUE,FALSE,FALSE,FALSE,FALSE,2019-07-09 18:25:21
5c4892a794f2a315d7502358,5c488f5e94f2a315d7501ffe,"{'equity': {'budget': 10, 'available': False}, 'royalty': {'budget': 10, 'available': False}, 'product': {'budget': 1, 'available': False}, 'cash': {'budget': 70200, 'available': True}}",2019-01-23 16:20:32,2019-01-23 16:13:28,FALSE,FALSE,TRUE,FALSE,FALSE,
5dc59875cc47e80dd6a0a0a1,56fb496c7ed840380e1c1a8e,"{'cash': {'available': True, 'budget': 5000}, 'product': {'available': False, 'budget': 100}, 'royalty': {'available': False, 'budget': 10}, 'equity': {'available': False, 'budget': 10}}",2019-11-08 16:33:55,2019-11-08 16:31:50,FALSE,FALSE,TRUE,FALSE,FALSE,
5d9bee929c30d60d9dd1d868,5d02ca27f82afd47702d684b,"{'cash': {'available': True, 'budget': 2500}, 'product': {'available': True, 'budget': 100}, 'royalty': {'available': False, 'budget': 10}, 'equity': {'available': False, 'budget': 10}}",2019-10-08 2:06:38,2019-10-08 2:04:03,FALSE,FALSE,TRUE,FALSE,FALSE,
5f1cef313c1cd10de66f01f1,5f1ce9fd3c1cd10de66eff19,"{'equity': {'budget': 0, 'available': False}, 'royalty': {'budget': 0, 'available': False}, 'product': {'budget': '', 'available': True}, 'cash': {'budget': 5000, 'available': True}}",2020-08-01 5:35:00,2020-07-26 2:49:22,TRUE,FALSE,FALSE,TRUE,FALSE,2020-08-01 5:35:00
5f1f96e1c1f6ed0de8a6f75a,5f1daa5a432cf50dc6adbc43,"{'equity': {'budget': 10, 'available': False}, 'royalty': {'budget': 30, 'available': True}, 'product': {'budget': 500, 'available': True, 'requestCC': True}, 'cash': {'budget': '', 'available': False}}",2020-07-28 3:18:33,2020-07-28 3:09:22,TRUE,FALSE,FALSE,TRUE,FALSE,2020-07-28 3:18:33
5ede52589c0e680da1ea3d50,5ede4c8496c56a0dceceabc7,"{'cash': {'available': True, 'budget': 100}, 'product': {'available': False, 'budget': 100, 'requestCC': True}, 'royalty': {'available': False, 'budget': 10}, 'equity': {'available': False, 'budget': 0}}",2020-06-26 18:52:17,2020-06-08 14:59:36,TRUE,FALSE,FALSE,TRUE,FALSE,2020-06-26 18:52:17
5c3f4471d62b56109d73c051,5bd211b1ee006a7502875daa,"{'cash': {'available': True, 'budget': 200}, 'product': {'available': True, 'budget': 301}, 'royalty': {'available': True, 'budget': 10}, 'equity': {'available': False, 'budget': 0}}",2019-01-28 20:02:01,2019-01-28 14:35:23,TRUE,FALSE,FALSE,FALSE,FALSE,2019-01-28 14:35:13
5f47fca23fae580ddd203975,5f468107b5241718fdab5232,"{'cash': {'available': False, 'budget': 100}, 'product': {'available': False, 'budget': 100}, 'royalty': {'available': False, 'budget': 10}, 'equity': {'available': True, 'budget': 10}}",2020-08-31 21:27:59,2020-08-27 18:34:10,FALSE,FALSE,FALSE,FALSE,TRUE,
5ebf5ff7f6bc7e0de3140267,5ebf5f5634cd0a0de29d782f,"{'cash': {'available': True, 'budget': 100000}, 'product': {'available': True, 'budget': 10000, 'requestCC': True}, 'royalty': {'available': True, 'budget': 11.1}, 'equity': {'available': False, 'budget': 0}}",2020-05-16 3:41:35,2020-05-16 3:37:28,TRUE,FALSE,FALSE,FALSE,FALSE,
5dfa604d871ed80dbf8eb321,5da73ff9b976f374d6ce52c1,"{'cash': {'available': True, 'budget': 20000}, 'product': {'available': True, 'budget': 250}, 'royalty': {'available': False, 'budget': 0}, 'equity': {'available': False, 'budget': 0}}",2020-02-18 21:43:26,2019-12-18 17:22:21,TRUE,FALSE,FALSE,TRUE,FALSE,2019-12-19 20:44:11
5d1a0b1dac1f562c6dc16b47,5d1a0497ac1f562c6dc1593a,"{'cash': {'available': True, 'budget': 5000}, 'product': {'available': False, 'budget': 100}, 'royalty': {'available': False, 'budget': 10}, 'equity': {'available': False, 'budget': 10}}",2019-07-01 13:31:09,2019-07-01 13:31:09,FALSE,FALSE,TRUE,FALSE,FALSE,
5cbe240bc4f74a168760ca75,5cbe1b7f6caeb91417a6ed09,"{'cash': {'available': True, 'budget': 100}, 'product': {'available': True, 'budget': 300, 'requestCC': True}, 'royalty': {'available': True, 'budget': 10}, 'equity': {'available': False, 'budget': 10}}",2019-04-22 20:34:37,2019-04-22 20:28:59,FALSE,FALSE,TRUE,FALSE,FALSE,
5ad7be6423474245f6986e89,5aceb306e1da8c75edc305b4,"{'cash': {'available': False, 'budget': 5000}, 'product': {'requestCC': True, 'available': True, 'budget': 7000}, 'royalty': {'available': False, 'budget': 10}, 'equity': {'available': False, 'budget': 10}}",2019-02-06 22:00:10,2019-02-06 22:00:10,TRUE,FALSE,FALSE,FALSE,FALSE,2018-05-10 13:26:22
5e87453e2d8f880dbaac8ed0,5e86088331abc90ddad589eb,"{'cash': {'available': True, 'budget': 5000}, 'product': {'available': False, 'budget': 100}, 'royalty': {'available': False, 'budget': 10}, 'equity': {'available': False, 'budget': 10}}",2020-04-03 14:26:53,2020-04-03 14:16:30,FALSE,FALSE,TRUE,FALSE,FALSE,
5fcbc2d832e2db0d6e1784a8,5fb06ba0cad3240d4d66ac2f,"{'equity': {'budget': 0, 'available': False}, 'royalty': {'budget': 0, 'available': False}, 'product': {'budget': 100, 'available': True, 'requestCC': False}, 'cash': {'budget': '', 'available': False}, 'mediaProduction': False}",2020-12-22 4:43:05,2020-12-05 17:26:49,FALSE,TRUE,FALSE,TRUE,TRUE,2020-12-05 18:47:49
5f1b0a1e3383110df0b862f2,58cac23e438b46329f0ae5eb,"{'cash': {'available': True, 'budget': 250}, 'product': {'available': True, 'budget': 100}, 'royalty': {'available': False, 'budget': 10}, 'equity': {'available': False, 'budget': 10}}",2020-07-24 16:49:49,2020-07-24 16:19:42,TRUE,FALSE,FALSE,TRUE,FALSE,2020-07-24 16:44:20
5e14e77fb8a9d70dc1bca85e,56fb496c7ed840380e1c1a8e,"{'cash': {'available': True, 'budget': 5000}, 'product': {'available': True, 'budget': 600}, 'royalty': {'available': False, 'budget': 10}, 'equity': {'available': False, 'budget': 10}}",2020-01-07 20:21:28,2020-01-07 20:18:08,FALSE,FALSE,TRUE,FALSE,FALSE,
5e8cd1d66c17340dc1b284f6,5e8c9a7c4666f20dad63a815,"{'cash': {'available': False, 'budget': 5000}, 'product': {'available': True, 'budget': 100}, 'royalty': {'available': True, 'budget': 20}, 'equity': {'available': False, 'budget': 10}}",2020-04-07 19:29:14,2020-04-07 19:17:43,FALSE,TRUE,TRUE,FALSE,FALSE,
5ea2dce079fa8b0dea559008,5ea2c45079fa8b0dea5587cd,"{'cash': {'available': True, 'budget': 100}, 'product': {'available': True, 'budget': 100}, 'royalty': {'available': True, 'budget': 10}, 'equity': {'available': False, 'budget': 10}}",2020-07-10 15:09:21,2020-04-24 12:34:41,TRUE,FALSE,FALSE,TRUE,FALSE,2020-07-10 15:09:21
5ee2547394253f0dd478d303,5eda6559293b0a173345aa99,"{'cash': {'available': True, 'budget': 100}, 'product': {'available': True, 'budget': 100, 'requestCC': True}, 'royalty': {'available': False, 'budget': 0}, 'equity': {'available': False, 'budget': 0}, 'mediaProduction': True}",2020-06-11 16:04:13,2020-06-11 15:57:40,FALSE,FALSE,FALSE,FALSE,TRUE,
5c059f3aef9f766af43c41bc,5c0599b297fc406b5007f869,"{'equity': {'budget': 0, 'available': False}, 'royalty': {'budget': 0, 'available': False}, 'product': {'budget': 500, 'available': True}, 'cash': {'available': False}}",2019-01-11 19:44:14,2019-01-11 19:39:12,TRUE,FALSE,FALSE,FALSE,FALSE,2018-12-18 19:29:37
609f1654140e050d7ba84534,60967fd3b79e7f0d63ccb311,"{'cash': {'available': True, 'budget': 15000, 'minBudget': 100}, 'product': {'available': False, 'budget': 100, 'requestCC': False}, 'royalty': {'available': False, 'budget': 10}, 'equity': {'available': False, 'budget': 10}}",2021-05-28 15:17:10,2021-05-15 0:31:16,FALSE,TRUE,TRUE,FALSE,FALSE,
5eeb5447541bf30db3ea8ef4,5eeb50f782b8af0dc8c7261b,"{'cash': {'available': True, 'budget': 100}, 'product': {'available': True, 'budget': 100}, 'royalty': {'available': False, 'budget': 10}, 'equity': {'available': False, 'budget': 10}}",2020-06-18 11:51:51,2020-06-18 11:47:19,FALSE,FALSE,FALSE,FALSE,TRUE,
5c700de22f12f1514f3311e3,5c6f1a4a3820ec239dc2f6d2,"{'cash': {'available': True, 'budget': 10000}, 'product': {'available': True, 'budget': 600}, 'royalty': {'available': True, 'budget': 7}, 'equity': {'available': False, 'budget': 10}}",2019-03-01 16:59:11,2019-02-21 21:46:07,TRUE,FALSE,FALSE,FALSE,FALSE,2019-03-01 17:07:22
5f1f7747353f750dba18ee12,5f0fa866058a330de7cb857b,"{'cash': {'available': True, 'budget': 200}, 'product': {'available': False, 'budget': 100}, 'royalty': {'available': False, 'budget': 10}, 'equity': {'available': False, 'budget': 10}}",2020-08-10 22:32:49,2020-07-28 0:54:32,FALSE,TRUE,FALSE,TRUE,TRUE,2020-07-29 13:03:16
5ee789d89ef1480dbf5a32e4,594bcc4164f1363a087f4c79,"{'cash': {'available': True, 'budget': 10000}, 'product': {'available': True, 'budget': 100}, 'royalty': {'available': False, 'budget': 10}, 'equity': {'available': False, 'budget': 10}}",2020-07-08 15:10:56,2020-06-15 14:46:49,TRUE,FALSE,FALSE,FALSE,FALSE,2020-07-21 15:50:56
5db333b57c49300dc6bd02e7,5d70226246e70d1f72a3744f,"{'cash': {'available': False, 'budget': 5000}, 'product': {'available': True, 'budget': 10000}, 'royalty': {'available': False, 'budget': 10}, 'equity': {'available': True, 'budget': 6.3}}",2019-11-18 19:42:03,2019-10-25 17:41:10,TRUE,FALSE,FALSE,FALSE,FALSE,2019-11-20 15:18:59
60f742c61ecc340d615f0f9b,60f73c0d69248c0d60fde6da,"{'cash': {'available': True, 'budget': 100000, 'minBudget': 100}, 'product': {'available': False, 'budget': 100, 'requestCC': False}, 'royalty': {'available': False, 'budget': 10}, 'equity': {'available': False, 'budget': 10}}",2021-08-05 21:34:49,2021-07-20 21:40:23,FALSE,FALSE,FALSE,TRUE,TRUE,2021-08-05 21:34:49
5e8de5bc8fc26a0daf6f74a3,5e8de523d4536d0da893017c,"{'cash': {'available': True, 'budget': 5}, 'product': {'available': False, 'budget': 100, 'requestCC': False}, 'royalty': {'available': False, 'budget': 10}, 'equity': {'available': False, 'budget': 10}}",2020-04-08 14:59:05,2020-04-08 14:54:53,FALSE,FALSE,FALSE,FALSE,TRUE,
5cc238d9bb08da3248286bfe,5c6713edc5e3b933270d75d8,"{'cash': {'available': True, 'budget': 500}, 'product': {'available': True, 'budget': 60}, 'royalty': {'available': False, 'budget': 9.1}, 'equity': {'available': False, 'budget': 10}}",2019-04-26 3:00:24,2019-04-25 22:46:50,TRUE,FALSE,FALSE,FALSE,FALSE,2019-04-26 3:00:30
605b55b691fdb40d664771f7,5a01f463abf35e35d8949f9f,"{'cash': {'available': False, 'budget': 5000}, 'product': {'available': True, 'budget': 620, 'requestCC': False}, 'royalty': {'available': False, 'budget': 0}, 'equity': {'available': False, 'budget': 0}}",2021-03-24 15:07:34,2021-03-24 15:07:34,FALSE,FALSE,TRUE,FALSE,FALSE,
5e73e20057ca460df8904252,5e4b295ca8c3440de9ee95d0,"{'cash': {'available': True, 'budget': 5000}, 'product': {'available': False, 'budget': 100}, 'royalty': {'available': False, 'budget': 10}, 'equity': {'available': False, 'budget': 10}}",2020-03-19 21:24:50,2020-03-19 21:20:01,FALSE,FALSE,TRUE,FALSE,FALSE,
5fbebecbd92ba60d4413ed94,5fa2d8b216d4f70d6e2aee91,"{'cash': {'available': True, 'budget': 5000}, 'product': {'available': False, 'budget': 100}, 'royalty': {'available': False, 'budget': 10}, 'equity': {'available': False, 'budget': 10}}",2020-11-25 20:34:29,2020-11-25 20:30:04,FALSE,FALSE,TRUE,FALSE,FALSE,
5c6204c8b064cb624cc56ec0,5c5314d8b9a5f919a01bee44,"{'cash': {'available': True, 'budget': 3500}, 'product': {'available': True, 'budget': 100}, 'royalty': {'available': False, 'budget': 10}, 'equity': {'available': False, 'budget': 10}}",2019-03-19 13:38:57,2019-02-14 16:53:49,TRUE,FALSE,FALSE,FALSE,FALSE,2019-02-14 16:53:36
5cf0789a09ab873a4d230b9d,5ca6374f840868728a2e7c4f,"{'cash': {'available': False, 'budget': 5000}, 'product': {'available': True, 'budget': 10}, 'royalty': {'available': False, 'budget': 10}, 'equity': {'available': False, 'budget': 10}}",2019-06-06 13:53:50,2019-05-31 0:43:07,TRUE,FALSE,FALSE,FALSE,FALSE,2019-06-06 13:54:28
5fff240e6b3e690d7d60df46,5fff22ea1b07010d3dccc17a,"{'cash': {'available': True, 'budget': 5000, 'minBudget': 100}, 'product': {'available': False, 'budget': 100}, 'royalty': {'available': False, 'budget': 10}, 'equity': {'available': False, 'budget': 10}}",2021-01-13 16:49:59,2021-01-13 16:47:11,FALSE,FALSE,FALSE,FALSE,TRUE,
5f628d2ce2afc10d69c14ea2,5f628c52cc53a10d552b12ec,"{'equity': {'budget': 0, 'available': False}, 'royalty': {'budget': 0, 'available': False}, 'product': {'budget': '', 'available': False, 'requestCC': True}, 'cash': {'budget': 100, 'available': True}}",2020-09-16 22:12:50,2020-09-16 22:09:48,FALSE,FALSE,FALSE,FALSE,TRUE,
5d9603544a66730dc6b992fe,5bd211b1ee006a7502875daa,"{'cash': {'available': True, 'budget': 250}, 'product': {'available': True, 'budget': 300}, 'royalty': {'available': False, 'budget': 10}, 'equity': {'available': False, 'budget': 10}}",2019-12-13 21:25:40,2019-10-03 14:19:00,TRUE,FALSE,FALSE,FALSE,FALSE,2019-10-11 17:43:44
5d1a9d7989b19950c4d61230,5d1a729f89b19950c4d5ee9d,"{'cash': {'available': True, 'budget': 5000}, 'product': {'available': False, 'budget': 100}, 'royalty': {'available': False, 'budget': 10}, 'equity': {'available': False, 'budget': 10}}",2019-07-03 22:45:56,2019-07-01 23:55:38,TRUE,FALSE,FALSE,FALSE,FALSE,2019-07-03 20:43:52
5f066ed5b514c20dc3e7db5d,5f03b0f44b14f20db71b7761,"{'cash': {'available': True, 'budget': 5000}, 'product': {'available': False, 'budget': 100}, 'royalty': {'available': False, 'budget': 10}, 'equity': {'available': False, 'budget': 10}}",2020-07-09 1:13:48,2020-07-09 1:11:49,FALSE,FALSE,TRUE,FALSE,FALSE,
5efb81c927086d11b7953988,5efb7f52dc1fab678e8b8492,"{'cash': {'available': False, 'budget': 100}, 'product': {'available': False, 'budget': 100}, 'royalty': {'available': True, 'budget': 20}, 'equity': {'available': False, 'budget': 10}}",2021-02-11 14:57:49,2020-06-30 18:17:45,FALSE,TRUE,FALSE,TRUE,TRUE,2020-06-30 21:50:46
5efe7e2e0c16bb0db52d2e9b,5efe7141a41c790de4de8b36,"{'cash': {'available': True, 'budget': 175}, 'product': {'available': True, 'budget': 20}, 'royalty': {'available': False, 'budget': 0}, 'equity': {'available': False, 'budget': 0}}",2020-07-08 18:55:26,2020-07-03 0:39:11,TRUE,FALSE,FALSE,TRUE,FALSE,2020-07-08 18:55:26
601817e442fdbf0d503e24c0,601814d495b0b80d7f4aba2b,"{'cash': {'available': True, 'budget': 0}, 'product': {'available': True, 'budget': 0}, 'royalty': {'available': False, 'budget': 0}, 'equity': {'available': False, 'budget': 0}}",2021-02-01 15:01:57,2021-02-01 15:01:57,FALSE,FALSE,TRUE,FALSE,FALSE,
5f3d8d5912c9bb0dd284edaf,5efcdfdb32c273693b337da3,"{'equity': {'budget': 0, 'available': False}, 'royalty': {'budget': 0, 'available': False}, 'product': {'budget': 300, 'available': True}, 'cash': {'budget': 10000, 'available': False}}",2020-08-19 20:45:30,2020-08-19 20:36:41,FALSE,FALSE,TRUE,FALSE,FALSE,
60ddd61a89e6150d8e914215,60760868d7921a0d6b8153a8,"{'cash': {'available': True, 'budget': 200, 'minBudget': 50}, 'product': {'available': False, 'budget': 100}, 'royalty': {'available': False, 'budget': 10}, 'equity': {'available': False, 'budget': 10}}",2021-07-01 14:50:02,2021-07-01 14:50:02,TRUE,FALSE,FALSE,TRUE,FALSE,2021-07-01 14:53:58
5f0cf39417eed30de02a39b6,5f08e8a78886140db7f84c41,"{'cash': {'available': False, 'budget': 100}, 'product': {'available': True, 'budget': 100}, 'royalty': {'available': True, 'budget': 20}, 'equity': {'available': False, 'budget': 10}, 'mediaProduction': False}",2020-07-23 3:40:56,2020-07-13 23:51:49,TRUE,FALSE,FALSE,TRUE,FALSE,2020-07-23 3:40:56
6064d3c539d4f30d6705f461,56fb496c7ed840380e1c1a8e,"{'cash': {'available': True, 'budget': 0}, 'product': {'available': True, 'budget': 0}, 'royalty': {'available': False, 'budget': 0}, 'equity': {'available': False, 'budget': 0}}",2021-03-31 19:57:53,2021-03-31 19:55:50,FALSE,FALSE,TRUE,FALSE,FALSE,
5ec2cbcab65c8a6b9bf51ac4,5ebdcd8f8a44930dd62197b9,"{'cash': {'available': False, 'budget': 5000}, 'product': {'available': True, 'budget': 200}, 'royalty': {'available': False, 'budget': 10}, 'equity': {'available': False, 'budget': 10}}",2020-05-18 18:00:52,2020-05-18 17:54:19,TRUE,FALSE,FALSE,TRUE,FALSE,2020-05-21 19:08:55
5c671656063446330653169d,5c6713edc5e3b933270d75d8,"{'cash': {'available': True, 'budget': 1000}, 'product': {'available': True, 'budget': 60}, 'royalty': {'available': True, 'budget': 10}, 'equity': {'available': False, 'budget': 10}}",2019-02-15 22:50:05,2019-02-15 19:43:18,TRUE,FALSE,FALSE,FALSE,FALSE,2019-02-17 17:54:35
5eea7b3616c8020dfa485ea5,5eb5e0c8de373e0db8ddcd6d,"{'cash': {'available': True, 'budget': 10000}, 'product': {'available': False, 'budget': 100, 'requestCC': False}, 'royalty': {'available': False, 'budget': 10}, 'equity': {'available': False, 'budget': 10}}",2020-06-17 20:28:13,2020-06-17 20:21:11,TRUE,FALSE,FALSE,TRUE,FALSE,2020-06-17 21:02:56
5f4a95b72435930d50816a1f,5f314c1e4999f90dc7f6621a,"{'cash': {'available': True, 'budget': 400}, 'product': {'available': True, 'budget': 400, 'requestCC': True}, 'royalty': {'available': False, 'budget': 10}, 'equity': {'available': False, 'budget': 10}}",2020-09-07 21:06:36,2020-08-29 17:51:52,TRUE,FALSE,FALSE,TRUE,FALSE,2020-09-07 21:06:36
5f5805ac32fd7d749e649dd9,5f57ce47ea061f0d79310d62,"{'cash': {'available': True, 'budget': 5000}, 'product': {'available': False, 'budget': 100}, 'royalty': {'available': False, 'budget': 10}, 'equity': {'available': False, 'budget': 10}}",2020-09-08 22:30:10,2020-09-08 22:29:01,FALSE,FALSE,TRUE,FALSE,FALSE,
614df84b8dfec70da3bb9b04,6147441efbe5230d78c79a5b,"{'equity': {'budget': 0, 'available': False}, 'royalty': {'budget': 0, 'available': True}, 'product': {'budget': 0, 'available': True}, 'cash': {'budget': 0, 'available': False}}",2021-09-27 14:37:44,2021-09-24 16:09:47,FALSE,FALSE,TRUE,FALSE,FALSE,
5da5926a5751800ddeafbfc0,5da58460fb2cb60d9472ea06,"{'cash': {'available': False, 'budget': ''}, 'product': {'available': False, 'budget': ''}, 'royalty': {'available': False, 'budget': 0}, 'equity': {'available': False, 'budget': 0}}",2019-10-15 10:20:25,2019-10-15 9:33:31,FALSE,FALSE,TRUE,FALSE,FALSE,
5c880a912771883f77ab1ff4,5c53229c60773b7c15c42000,"{'cash': {'available': True, 'budget': 800}, 'product': {'available': False, 'budget': 100}, 'royalty': {'available': False, 'budget': 10}, 'equity': {'available': False, 'budget': 10}}",2019-03-12 22:16:36,2019-03-12 19:37:53,FALSE,FALSE,TRUE,FALSE,FALSE,
603adc9350fd680d7d10b93f,60363faf8cd4e60d664a86de,"{'cash': {'available': True, 'budget': 5000, 'minBudget': 100}, 'product': {'available': False, 'budget': 100}, 'royalty': {'available': False, 'budget': 10}, 'equity': {'available': False, 'budget': 10}}",2021-02-27 23:58:12,2021-02-27 23:58:12,FALSE,FALSE,TRUE,FALSE,FALSE,
600b89e5f6fc560d64ade31c,600b829a92e1950d35697cd6,"{'cash': {'available': True, 'budget': 3000, 'minBudget': 100}, 'product': {'available': True, 'budget': 900, 'requestCC': False}, 'royalty': {'available': False, 'budget': 0}, 'equity': {'available': False, 'budget': 0}, 'mediaProduction': True}",2021-01-23 2:41:27,2021-01-23 2:28:54,TRUE,FALSE,FALSE,TRUE,FALSE,2021-01-23 2:41:27
5d8a6c16118c860dd3112ae7,59443aa6cb5c6f319498a6bf,"{'cash': {'available': True, 'budget': 200}, 'product': {'available': True, 'budget': 300}, 'royalty': {'available': True, 'budget': 10}, 'equity': {'available': False, 'budget': 9.8}}",2019-09-24 21:00:31,2019-09-24 19:18:46,TRUE,FALSE,FALSE,FALSE,FALSE,2019-09-25 21:13:19
613f67848a31370d95d130fc,603c9e595557ba0d6a819a8c,"{'cash': {'available': True, 'budget': 1000, 'minBudget': 100}, 'product': {'available': True, 'budget': 1000, 'requestCC': False}, 'royalty': {'available': False, 'budget': 10}, 'equity': {'available': False, 'budget': 10}}",2021-09-28 18:57:02,2021-09-13 15:00:21,FALSE,FALSE,FALSE,TRUE,TRUE,2021-09-28 18:57:02
5ef27d3e00e2210dd29318ce,5e9e3de63c72f30de6c48088,"{'cash': {'available': True, 'budget': 7500}, 'product': {'available': True, 'budget': 500}, 'royalty': {'available': False, 'budget': 0}, 'equity': {'available': False, 'budget': 0}}",2020-06-23 22:40:24,2020-06-23 22:07:59,TRUE,FALSE,FALSE,TRUE,FALSE,2020-06-24 16:41:23
5f7db592490c5b0d60dca9cd,5f4558c2b3c0401887fb5dad,"{'equity': {'budget': 0, 'available': False}, 'royalty': {'budget': 0, 'available': False}, 'product': {'budget': 0, 'available': False}, 'cash': {'budget': 5000, 'available': True}}",2020-10-07 12:33:22,2020-10-07 12:33:22,FALSE,FALSE,TRUE,FALSE,FALSE,
5e988da30b6f326d6490175d,5e9886de0b6f326d6490130b,"{'cash': {'available': True, 'budget': 5000}, 'product': {'available': False, 'budget': 100}, 'royalty': {'available': False, 'budget': 10}, 'equity': {'available': False, 'budget': 10}}",2020-04-16 16:53:56,2020-04-16 16:53:56,FALSE,FALSE,TRUE,FALSE,FALSE,
5d72872015eb190ae6ebec6a,5d433e14466c9968f7e813bd,"{'cash': {'available': True, 'budget': 2500}, 'product': {'available': True, 'budget': 250}, 'royalty': {'available': False, 'budget': 10}, 'equity': {'available': False, 'budget': 0.5}}",2019-09-19 21:57:03,2019-09-06 16:19:45,TRUE,FALSE,FALSE,FALSE,FALSE,2019-09-19 21:54:56
5e556081705ce50f12114e0c,5e3ac8a5a7440b0e01af77c7,"{'cash': {'available': True, 'budget': 6000}, 'product': {'available': True, 'budget': 200}, 'royalty': {'available': False, 'budget': 10}, 'equity': {'available': False, 'budget': 10}}",2020-02-25 22:19:44,2020-02-25 17:59:29,TRUE,FALSE,FALSE,TRUE,FALSE,2020-02-25 22:52:40
60e47e13737f1a1244bcdc74,5ff3f8dc4bdfad0d795ea686,"{'equity': {'budget': 0, 'available': False}, 'royalty': {'budget': 0, 'available': False}, 'product': {'budget': 0, 'available': False}, 'cash': {'budget': 500, 'available': True}}",2021-07-06 16:02:06,2021-07-06 16:00:19,FALSE,FALSE,TRUE,FALSE,FALSE,
5fc7d8a85dfb300d4dae1314,5fbd883ad686c474cf594408,"{'cash': {'available': True, 'budget': 5000, 'minBudget': 100}, 'product': {'available': True, 'budget': 2100, 'requestCC': False}, 'royalty': {'available': False, 'budget': 10}, 'equity': {'available': False, 'budget': 10}}",2020-12-02 18:31:37,2020-12-02 18:10:49,TRUE,FALSE,FALSE,TRUE,FALSE,2020-12-02 18:31:37
5ee15cab39eb600dc5d9cfe4,5ede8a63055d0075c811d37d,"{'cash': {'available': True, 'budget': 5000}, 'product': {'available': False, 'budget': 100}, 'royalty': {'available': False, 'budget': 10}, 'equity': {'available': False, 'budget': 10}}",2020-06-10 22:21:01,2020-06-10 22:20:28,FALSE,FALSE,TRUE,FALSE,FALSE,
601451817b99fd0d7a0d3981,56fb496c7ed840380e1c1a8e,"{'cash': {'available': True, 'budget': 5000, 'minBudget': 100}, 'product': {'available': False, 'budget': 100}, 'royalty': {'available': False, 'budget': 10}, 'equity': {'available': False, 'budget': 10}}",2021-01-29 18:56:21,2021-01-29 18:18:42,FALSE,TRUE,TRUE,FALSE,FALSE,
5f283f8352412d0de2eb72d6,5f225572f977780dce390026,"{'cash': {'available': True, 'budget': 100}, 'product': {'available': False, 'budget': 100}, 'royalty': {'available': False, 'budget': 10}, 'equity': {'available': False, 'budget': 10}}",2020-08-03 16:57:07,2020-08-03 16:47:00,FALSE,FALSE,TRUE,FALSE,FALSE,
5ef3ae6755f4bf0dbe7d47f0,5eefd215b1e6730dea5b9d00,"{'cash': {'available': True, 'budget': 500}, 'product': {'available': True, 'budget': 450, 'requestCC': True}, 'royalty': {'available': False, 'budget': 10}, 'equity': {'available': False, 'budget': 10}}",2020-06-24 20:40:46,2020-06-24 19:50:00,TRUE,FALSE,FALSE,TRUE,FALSE,2020-06-24 20:40:46
5df28f90151f570dac9decd3,5d9f4d3e5b44c00de5def97e,"{'cash': {'available': True, 'budget': 1000}, 'product': {'available': True, 'budget': 100}, 'royalty': {'available': True, 'budget': 10}, 'equity': {'available': False, 'budget': 10}}",2020-01-22 15:42:04,2019-12-12 19:05:53,TRUE,FALSE,FALSE,FALSE,FALSE,2020-01-22 15:46:44
5f57f3349431f20d8c931276,5d7113d5c3cec45dc2e8a516,"{'cash': {'available': True, 'budget': 15000}, 'product': {'available': True, 'budget': 110}, 'royalty': {'available': False, 'budget': 10}, 'equity': {'available': False, 'budget': 10}}",2020-09-08 21:13:07,2020-09-08 21:10:13,TRUE,FALSE,FALSE,TRUE,FALSE,2020-09-08 21:13:07
612e591146e5b60d5b07af51,60931ccf0150016f398f0938,"{'cash': {'available': True, 'budget': 1000, 'minBudget': 100}, 'product': {'available': True, 'budget': 100, 'requestCC': False}, 'royalty': {'available': False, 'budget': 10}, 'equity': {'available': False, 'budget': 10}}",2021-08-31 16:30:10,2021-08-31 16:30:10,TRUE,FALSE,FALSE,TRUE,TRUE,2021-09-08 0:13:40
5faa9cfa0bc1310d54fbcbd9,5faa04fed1512f0d7b1cf2a9,"{'cash': {'available': True, 'budget': 5000}, 'product': {'available': False, 'budget': 100}, 'royalty': {'available': False, 'budget': 10}, 'equity': {'available': False, 'budget': 10}}",2020-11-10 14:06:53,2020-11-10 14:00:27,FALSE,FALSE,TRUE,FALSE,FALSE,
6083359ce172850d68e7570d,5e7e6033f963da0dc636d6f0,"{'cash': {'available': True, 'budget': 5000, 'minBudget': 3000}, 'product': {'available': True, 'budget': 600, 'requestCC': False}, 'royalty': {'available': False, 'budget': 10}, 'equity': {'available': False, 'budget': 10}}",2021-04-23 21:01:16,2021-04-23 21:01:16,TRUE,FALSE,FALSE,TRUE,FALSE,2021-04-30 15:13:04
5d1234f4b9a4d76f53035f3c,59c582b1e10f8c601bf48606,"{'cash': {'available': True, 'budget': 3000}, 'product': {'available': True, 'budget': 100}, 'royalty': {'available': False, 'budget': 10}, 'equity': {'available': False, 'budget': 10}}",2019-06-26 18:09:49,2019-06-25 14:51:32,FALSE,FALSE,TRUE,FALSE,FALSE,
5eeb74d78b69f4791ad67657,5eeaf91ddcdd960de4bae721,"{'cash': {'available': True, 'budget': 18000}, 'product': {'available': True, 'budget': 1000}, 'royalty': {'available': True, 'budget': 20}, 'equity': {'available': False, 'budget': 0}}",2020-06-18 14:07:57,2020-06-18 14:06:16,TRUE,FALSE,FALSE,TRUE,FALSE,2020-06-18 14:07:57
5f1580778b18380da32df767,5e43f492791ce30debf6ee74,"{'cash': {'available': True, 'budget': 5000}, 'product': {'available': False, 'budget': 100}, 'royalty': {'available': False, 'budget': 10}, 'equity': {'available': False, 'budget': 10}}",2020-07-20 11:35:34,2020-07-20 11:31:03,FALSE,FALSE,TRUE,FALSE,FALSE,
5ea1ad25b458c00fa6f08fe9,5ea1aadcb458c00fa6f08ede,"{'cash': {'available': True, 'budget': 1000}, 'product': {'available': False, 'budget': 100}, 'royalty': {'available': False, 'budget': 10}, 'equity': {'available': False, 'budget': 10}}",2020-05-12 18:04:50,2020-04-23 14:58:46,TRUE,FALSE,FALSE,FALSE,FALSE,2020-04-30 14:30:10
609aba542f16c8125dfa69f7,5f4e995de733170d6428dfb5,"{'cash': {'available': True, 'budget': 1000, 'minBudget': 500}, 'product': {'available': True, 'budget': 100, 'requestCC': False}, 'royalty': {'available': True, 'budget': 50}, 'equity': {'available': False, 'budget': 10}}",2021-06-29 21:10:05,2021-05-11 17:09:40,FALSE,TRUE,TRUE,FALSE,FALSE,
5f99e5c0e7461a0d70fe38ca,5f99e1f280a7d20d6e320662,"{'cash': {'available': True, 'budget': 5000}, 'product': {'available': False, 'budget': 100}, 'royalty': {'available': False, 'budget': 10}, 'equity': {'available': False, 'budget': 10}}",2021-01-14 17:40:40,2020-10-28 21:42:25,FALSE,TRUE,FALSE,FALSE,TRUE,
5ebd947a0ff4200de5d564fc,5b369112ab97b51fa60f9939,"{'cash': {'available': True, 'budget': 1000}, 'product': {'available': False, 'budget': 100}, 'royalty': {'available': False, 'budget': 10}, 'equity': {'available': False, 'budget': 10}}",2020-05-14 20:26:49,2020-05-14 18:56:59,FALSE,FALSE,TRUE,FALSE,FALSE,
5f68f1909dedc914ee2b1b49,5f68f069e2472f12323163b1,"{'cash': {'available': True, 'budget': 25}, 'product': {'available': True, 'budget': 50, 'requestCC': True}, 'royalty': {'available': True, 'budget': 15}, 'equity': {'available': False, 'budget': 0}}",2020-09-21 18:36:08,2020-09-21 18:31:45,FALSE,FALSE,FALSE,FALSE,TRUE,
616792e6386a8c0d64caa151,5f986c8cb0d2780d84128fda,"{'cash': {'available': True, 'budget': 5000, 'minBudget': 100}, 'product': {'available': False, 'budget': 100}, 'royalty': {'available': False, 'budget': 10}, 'equity': {'available': False, 'budget': 10}}",2021-10-14 2:21:17,2021-10-14 2:16:06,FALSE,FALSE,TRUE,FALSE,FALSE,
5f44048775f90c0dba0698d0,5f43fb099186b60df5adcc00,"{'cash': {'available': False, 'budget': 100}, 'product': {'available': True, 'budget': 300, 'requestCC': True}, 'royalty': {'available': False, 'budget': 10}, 'equity': {'available': False, 'budget': 10}}",2020-08-24 18:29:46,2020-08-24 18:18:48,TRUE,FALSE,FALSE,FALSE,FALSE,
5ee79bd7d6cce514495c8b68,5ee78ec0a1b21a0dcb39924e,"{'cash': {'available': True, 'budget': 1000}, 'product': {'available': True, 'budget': 2500}, 'royalty': {'available': False, 'budget': 0}, 'equity': {'available': False, 'budget': 0}}",2020-07-23 17:31:58,2020-06-15 16:03:35,TRUE,FALSE,FALSE,TRUE,FALSE,2020-07-23 17:31:58
5f488c447440200db6240495,5f488a327808bf0de896cd75,"{'equity': {'budget': 3, 'available': False}, 'royalty': {'budget': 0, 'available': True}, 'product': {'budget': 500, 'available': True}, 'cash': {'budget': 300, 'available': False}}",2020-08-28 4:55:37,2020-08-28 4:47:00,TRUE,FALSE,FALSE,TRUE,FALSE,2020-08-28 4:55:37
5f2b756a27e1f60de64789f0,5ef596c9155c6e0dd3aafb63,"{'equity': {'budget': 0, 'available': False}, 'royalty': {'budget': 5, 'available': True}, 'product': {'budget': 700, 'available': True}, 'cash': {'budget': '', 'available': False}}",2020-08-10 16:16:07,2020-08-06 3:13:47,TRUE,FALSE,FALSE,TRUE,FALSE,2020-08-10 16:16:07
5ee8d7a9a3b08d70f26738d0,5ee8d66ca3b08d70f26738a2,"{'cash': {'available': False, 'budget': 0}, 'product': {'available': False, 'budget': 0}, 'royalty': {'available': False, 'budget': 0}, 'equity': {'available': False, 'budget': 0}}",2020-06-16 14:31:05,2020-06-16 14:31:05,FALSE,FALSE,TRUE,FALSE,FALSE,
5d0d2bab39b5f86f68766fc6,5bd88830ed578a5fd4cbaeba,"{'cash': {'available': True, 'budget': 500}, 'product': {'available': True, 'budget': 150}, 'royalty': {'available': False, 'budget': 10}, 'equity': {'available': False, 'budget': 10}}",2019-06-21 19:16:10,2019-06-21 19:10:35,FALSE,FALSE,TRUE,FALSE,FALSE,
5c9e519cbddc6565d2fdae5f,5c4794368b091565d315f886,"{'cash': {'available': False, 'budget': 5000}, 'product': {'available': True, 'budget': 150, 'requestCC': True}, 'royalty': {'available': False, 'budget': 10}, 'equity': {'available': False, 'budget': 10}}",2019-03-29 17:20:39,2019-03-29 17:10:53,TRUE,FALSE,FALSE,FALSE,FALSE,2019-04-22 13:26:24
5ea73edbaae12e0da3053745,5ea32351ecaebe0dcf053317,"{'cash': {'available': True, 'budget': 100}, 'product': {'available': False, 'budget': 100}, 'royalty': {'available': False, 'budget': 10}, 'equity': {'available': False, 'budget': 10}}",2020-04-27 20:38:36,2020-04-27 20:21:47,TRUE,FALSE,FALSE,FALSE,FALSE,2020-04-28 23:01:32
60c79ae65f28bf0d8664ab37,60c6930a45c0c80d3939d0c3,"{'equity': {'budget': 0, 'available': False}, 'royalty': {'budget': 0, 'available': True}, 'product': {'budget': 0, 'available': True}, 'cash': {'budget': 0, 'available': False}}",2021-06-23 19:30:27,2021-06-14 18:07:35,FALSE,FALSE,TRUE,FALSE,FALSE,
5f22f625d7ecdd0e11cf5ecd,5f18d660f0b7d50de0bf40ed,"{'equity': {'budget': 0, 'available': False}, 'royalty': {'budget': 25, 'available': True}, 'product': {'budget': 200, 'available': True}, 'cash': {'budget': 100, 'available': True}}",2020-07-30 16:32:38,2020-07-30 16:32:38,FALSE,FALSE,TRUE,FALSE,FALSE,
5dc50af4ab15d70dc1bb5979,5db04433b0514f0dd8576d8c,"{'cash': {'available': True, 'budget': 5000}, 'product': {'available': False, 'budget': 100}, 'royalty': {'available': False, 'budget': 10}, 'equity': {'available': False, 'budget': 10}}",2019-11-08 6:28:04,2019-11-08 6:28:04,FALSE,FALSE,TRUE,FALSE,FALSE,
5dd2e8289cd0f00da24ca7f0,5c7818b1f01cd06f93f05920,"{'cash': {'available': True, 'budget': 1000}, 'product': {'available': True, 'budget': 100}, 'royalty': {'available': False, 'budget': 10}, 'equity': {'available': False, 'budget': 10}}",2019-11-20 16:29:18,2019-11-18 18:51:20,TRUE,FALSE,FALSE,FALSE,FALSE,2019-11-19 21:23:58
5f5182fc1f63320d6945c992,5f5177446b4b5e0d4f1890e9,"{'equity': {'budget': 0, 'available': False}, 'royalty': {'budget': 0, 'available': False}, 'product': {'budget': 50, 'available': True, 'requestCC': True}, 'cash': {'budget': '', 'available': False}}",2021-02-23 19:10:36,2020-09-03 23:57:48,TRUE,TRUE,FALSE,TRUE,FALSE,2020-09-24 22:22:04
5ebc4154afb0c8137490c4ce,5e43051ebb01221211b51ba6,"{'cash': {'available': True, 'budget': 1250}, 'product': {'available': False, 'budget': 100}, 'royalty': {'available': False, 'budget': 10}, 'equity': {'available': False, 'budget': 10}}",2020-05-13 18:56:49,2020-05-13 18:49:57,TRUE,FALSE,FALSE,FALSE,FALSE,2020-05-13 18:59:32
5c57b481f70361599fd2e896,5c573b750da9cb267cbaf91d,"{'cash': {'available': True, 'budget': 100000}, 'product': {'available': True, 'budget': 1}, 'royalty': {'available': False, 'budget': 0.1}, 'equity': {'available': False, 'budget': 2}}",2019-02-04 3:50:56,2019-02-04 3:41:54,FALSE,FALSE,TRUE,FALSE,FALSE,
60f62062101fb90d779baff6,60c8b88bd455450d6b3a83d5,"{'cash': {'available': False, 'budget': 5000, 'minBudget': 100}, 'product': {'available': False, 'budget': 100, 'requestCC': False}, 'royalty': {'available': True, 'budget': 20}, 'equity': {'available': False, 'budget': 10}}",2021-07-26 21:36:17,2021-07-20 1:01:23,FALSE,FALSE,FALSE,TRUE,TRUE,2021-07-26 21:36:17
5f91bc21ee46040d88e62bce,5f7b171ceb408b0d344947e1,"{'equity': {'budget': 0, 'available': False}, 'royalty': {'budget': 0, 'available': False}, 'product': {'budget': 40, 'available': True, 'requestCC': False}, 'cash': {'budget': 25, 'available': False}}",2020-10-22 17:11:38,2020-10-22 17:06:41,TRUE,FALSE,FALSE,TRUE,FALSE,2020-10-22 17:11:38
6023999be211cb0d4ba67a8e,6023938a60aec50d67f309ff,"{'cash': {'available': True, 'budget': 120, 'minBudget': 100}, 'product': {'available': True, 'budget': 100, 'requestCC': False}, 'royalty': {'available': False, 'budget': 0}, 'equity': {'available': False, 'budget': 0}}",2021-02-10 8:34:18,2021-02-10 8:30:20,FALSE,FALSE,TRUE,FALSE,FALSE,
5f38af40a497f10dada2b1d4,5f38a6561cb0560dcc6292a1,"{'cash': {'available': True, 'budget': 2000}, 'product': {'available': True, 'budget': 1000}, 'royalty': {'available': False, 'budget': 10}, 'equity': {'available': False, 'budget': 10}}",2020-08-16 4:08:29,2020-08-16 4:00:00,FALSE,FALSE,FALSE,FALSE,TRUE,
5ebed2e7c6b0a60dc0ead4a0,5eb562cd6758640d9f484ce9,"{'cash': {'available': False, 'budget': 5000}, 'product': {'available': True, 'budget': 500, 'requestCC': True}, 'royalty': {'available': False, 'budget': 10}, 'equity': {'available': False, 'budget': 10}}",2020-06-05 20:18:53,2020-05-15 17:35:36,TRUE,FALSE,FALSE,TRUE,FALSE,2020-05-18 15:21:27
5f1b8cc7eb32d20dc5efa9f7,5f1b8aba16f6af0de8a20c9a,"{'cash': {'available': True, 'budget': 5000}, 'product': {'available': False, 'budget': 100}, 'royalty': {'available': False, 'budget': 10}, 'equity': {'available': False, 'budget': 10}}",2020-07-25 1:40:19,2020-07-25 1:37:11,FALSE,FALSE,TRUE,FALSE,FALSE,
5d5ebfbb1e5639134d8b8080,56fb496c7ed840380e1c1a8e,"{'cash': {'available': False, 'budget': 5000}, 'product': {'available': False, 'budget': ''}, 'royalty': {'available': False, 'budget': 10}, 'equity': {'available': False, 'budget': 10}}",2019-08-22 16:24:54,2019-08-22 16:15:55,TRUE,FALSE,FALSE,FALSE,FALSE,2019-09-06 17:37:25
5f32d72d6b57ab0deba728e2,5f30443e3da377120db636aa,"{'equity': {'budget': 0, 'available': False}, 'royalty': {'budget': 10, 'available': True}, 'product': {'budget': 100, 'available': True}, 'cash': {'budget': '', 'available': False}}",2020-08-12 15:53:59,2020-08-11 17:36:45,TRUE,FALSE,FALSE,TRUE,FALSE,2020-08-12 15:53:59
5fa031a28c7c7f0d56f3c7d6,5f5692666881dc0d56f8d904,"{'cash': {'available': True, 'budget': 1500}, 'product': {'available': False, 'budget': '', 'requestCC': False}, 'royalty': {'available': False, 'budget': 0}, 'equity': {'available': False, 'budget': 0}}",2020-11-02 16:24:45,2020-11-02 16:19:46,FALSE,FALSE,TRUE,FALSE,FALSE,
61701881fb79e50d7eebb5d8,615659718288a20d4ce836e2,"{'cash': {'available': True, 'minBudget': 100, 'budget': 500}, 'product': {'available': True, 'budget': 200, 'requestCC': False}, 'royalty': {'available': False, 'budget': 10, 'prefix': 'percentage'}, 'equity': {'available': False, 'budget': 10, 'prefix': 'percentage'}}",2021-10-20 13:24:18,2021-10-20 13:24:18,FALSE,FALSE,TRUE,FALSE,TRUE,
5f1c55ea08d6c70daa9a8b9d,5f1c525e8878826a63cf6206,"{'cash': {'available': False, 'budget': 0}, 'product': {'available': False, 'budget': 0}, 'royalty': {'available': False, 'budget': 0}, 'equity': {'available': False, 'budget': 0}}",2020-07-25 16:04:04,2020-07-25 15:55:22,FALSE,FALSE,TRUE,FALSE,FALSE,
5d95fc098f7e580de9442cdf,5c6473d8f9fc0c4806b32c85,"{'cash': {'available': True, 'budget': 1150}, 'product': {'available': True, 'budget': 100}, 'royalty': {'available': False, 'budget': 0}, 'equity': {'available': False, 'budget': 0}}",2020-03-19 21:19:52,2019-10-03 13:47:54,FALSE,TRUE,FALSE,TRUE,TRUE,2019-10-04 17:49:04
5f38e1930061340dfc08741c,5ee95ad77b24530dee7ddc60,"{'equity': {'budget': 0, 'available': False}, 'royalty': {'budget': 15, 'available': True}, 'product': {'budget': '', 'available': False}, 'cash': {'budget': '', 'available': False}}",2020-08-17 16:26:58,2020-08-16 7:34:43,TRUE,FALSE,FALSE,TRUE,FALSE,2020-08-17 16:26:58
60a426bb5780600d6590c379,60a417e35780600d6590ba00,"{'equity': {'budget': 0, 'available': False}, 'royalty': {'budget': 0, 'available': False}, 'product': {'budget': 100, 'available': True, 'requestCC': False}, 'cash': {'budget': 500, 'available': True, 'minBudget': 100}}",2021-05-18 20:56:34,2021-05-18 20:42:36,FALSE,FALSE,TRUE,FALSE,FALSE,
5c780adf35d02a64e47993f3,5c77e8ad35d02a64e47973c1,"{'cash': {'available': True, 'budget': 100000}, 'product': {'available': False, 'budget': 100}, 'royalty': {'available': False, 'budget': 10}, 'equity': {'available': False, 'budget': 10}}",2019-02-28 16:39:27,2019-02-28 16:22:55,FALSE,FALSE,TRUE,FALSE,FALSE,
601db7ffb993c00d4e2cdce1,601a16e103ddb10d30d79c39,"{'equity': {'budget': 0, 'available': False}, 'royalty': {'budget': 0, 'available': False}, 'product': {'budget': 0, 'available': True}, 'cash': {'budget': 0, 'available': True}}",2021-02-05 21:28:40,2021-02-05 21:26:23,FALSE,FALSE,TRUE,FALSE,FALSE,
5f319abb12e7ad0dc12fa48c,5f2f68a1a17e490dddcdb969,"{'equity': {'budget': 0, 'available': False}, 'royalty': {'budget': 25, 'available': True}, 'product': {'budget': 100, 'available': True, 'requestCC': True}, 'cash': {'budget': 500, 'available': False}, 'mediaProduction': False}",2020-08-10 20:17:10,2020-08-10 19:06:36,FALSE,FALSE,TRUE,FALSE,FALSE,
5f29753619f1dc0dbc44c1be,5f2865f05c7e490de265f552,"{'equity': {'budget': 0, 'available': False}, 'royalty': {'budget': 15, 'available': True}, 'product': {'budget': 500, 'available': True}, 'cash': {'budget': 1000, 'available': True}}",2020-08-06 17:24:47,2020-08-04 14:48:23,TRUE,FALSE,FALSE,TRUE,FALSE,2020-08-06 17:24:47
5fcdee5a7260ae0d663b6114,5fcdecfe2c18b20d5856e877,"{'equity': {'budget': 0, 'available': False}, 'royalty': {'budget': 0, 'available': False}, 'product': {'budget': 0, 'available': True}, 'cash': {'budget': 0, 'available': True}}",2020-12-07 8:59:05,2020-12-07 8:56:59,FALSE,FALSE,TRUE,FALSE,FALSE,
6090a69928d9e40d4db0b007,60909c71cb18220d4b7c13a7,"{'equity': {'budget': 0, 'available': False}, 'royalty': {'budget': 15, 'available': True}, 'product': {'budget': 500, 'available': True, 'requestCC': False}, 'cash': {'budget': 999, 'available': True, 'minBudget': 100}}",2021-05-20 16:25:06,2021-05-04 1:42:49,FALSE,FALSE,TRUE,FALSE,FALSE,
5ca64864840868728a2e9950,5ca646f5840868728a2e9637,"{'cash': {'available': True, 'budget': 5000}, 'product': {'available': False, 'budget': 100}, 'royalty': {'available': False, 'budget': 10}, 'equity': {'available': False, 'budget': 10}}",2019-04-05 19:07:44,2019-04-04 18:09:40,FALSE,FALSE,TRUE,FALSE,FALSE,
5f32fa156b57ab0deba74cc4,5f21acfa4815650df61e9610,"{'equity': {'budget': 0, 'available': False}, 'royalty': {'budget': 0, 'available': False}, 'product': {'budget': 500, 'available': True}, 'cash': {'budget': '', 'available': False}}",2020-08-11 20:08:29,2020-08-11 20:05:41,FALSE,FALSE,TRUE,FALSE,FALSE,
60419a27bb249c0d301abb8d,56fb496c7ed840380e1c1a8e,"{'cash': {'available': True, 'budget': 15000, 'minBudget': 1000}, 'product': {'available': False, 'budget': 100, 'requestCC': False}, 'royalty': {'available': False, 'budget': 10}, 'equity': {'available': False, 'budget': 10}}",2021-03-05 2:56:24,2021-03-05 2:40:39,FALSE,FALSE,TRUE,FALSE,FALSE,
5eeb9dd09516180dd207556b,5ee2497092ecdc0ded37782a,"{'cash': {'available': True, 'budget': 1250}, 'product': {'available': True, 'budget': 150, 'requestCC': True}, 'royalty': {'available': True, 'budget': 20}, 'equity': {'available': False, 'budget': 0}}",2020-06-18 18:11:48,2020-06-18 17:01:04,TRUE,FALSE,FALSE,TRUE,FALSE,2020-07-24 19:14:28
618416eb8074150d5eaa7bd6,618410f20c45990d655e05c0,"{'cash': {'available': True, 'budget': 78500, 'minBudget': 100}, 'product': {'available': False, 'budget': 100, 'requestCC': False}, 'royalty': {'available': True, 'budget': 30, 'prefix': 'percentage'}, 'equity': {'available': True, 'budget': 0.05, 'prefix': 'percentage'}, 'mediaProduction': True}",2021-11-04 17:42:10,2021-11-04 17:22:51,FALSE,FALSE,TRUE,FALSE,TRUE,
60d8c0fb78e8bb0d6dcfd6aa,60d5e03e8e33a50d5b0a091a,"{'cash': {'available': True, 'budget': 5000, 'minBudget': 100}, 'product': {'available': False, 'budget': 100}, 'royalty': {'available': False, 'budget': 10}, 'equity': {'available': False, 'budget': 10}}",2021-06-27 18:18:36,2021-06-27 18:18:36,FALSE,FALSE,TRUE,FALSE,FALSE,
5ee1ceb34b70e00dedd440f8,5ee1c8b7805a9e0dd35daa38,"{'cash': {'available': True, 'budget': 500}, 'product': {'available': False, 'budget': 100}, 'royalty': {'available': False, 'budget': 10}, 'equity': {'available': False, 'budget': 10}}",2020-06-26 21:49:23,2020-06-11 6:27:00,TRUE,FALSE,FALSE,TRUE,FALSE,2020-06-26 21:49:23
5d13a76e33ef9e249f559b4a,5d13a5cd33ef9e249f55996a,"{'cash': {'available': False, 'budget': 100}, 'product': {'available': True, 'budget': 200}, 'royalty': {'available': False, 'budget': 10}, 'equity': {'available': False, 'budget': 10}}",2019-07-08 19:43:18,2019-06-26 17:12:14,FALSE,FALSE,TRUE,FALSE,FALSE,
5fff695b664dc30d32aa8047,5fff61ad90cf080d56963d1d,"{'equity': {'budget': 0, 'available': False}, 'royalty': {'budget': 0, 'available': True}, 'product': {'budget': 1000, 'available': True, 'requestCC': False}, 'cash': {'budget': 0, 'available': False}}",2021-01-14 15:55:29,2021-01-13 21:42:52,FALSE,FALSE,TRUE,FALSE,FALSE,
61395939a08c770d743ac9aa,60f73c0d69248c0d60fde6da,"{'equity': {'budget': 0, 'available': False}, 'royalty': {'budget': 0, 'available': False}, 'product': {'budget': 0, 'available': True}, 'cash': {'budget': 40000, 'available': True}}",2021-09-09 0:51:16,2021-09-09 0:45:46,FALSE,FALSE,FALSE,TRUE,TRUE,2021-09-09 0:51:16
5f76a1e574f0630d82066628,5f769d3c6082710d72b35b1b,"{'equity': {'budget': 0, 'available': False}, 'royalty': {'budget': 0, 'available': False}, 'product': {'budget': 1250, 'available': True, 'requestCC': True}, 'cash': {'budget': 1000, 'available': True}}",2020-10-02 3:58:07,2020-10-02 3:43:33,TRUE,FALSE,FALSE,TRUE,FALSE,2020-10-02 3:58:07
5db303a7d5ffa90dc9682667,5d8a71c74c467a0ddeb65b49,"{'cash': {'available': True, 'budget': 250}, 'product': {'available': True, 'budget': 250}, 'royalty': {'available': False, 'budget': 0}, 'equity': {'available': False, 'budget': 0}}",2019-11-14 20:22:47,2019-10-25 14:16:07,TRUE,FALSE,FALSE,FALSE,FALSE,2019-10-29 22:35:28
601c1da93c639c0d62a9a276,601be7b4054f910d63b7bade,"{'equity': {'budget': 0, 'available': False}, 'royalty': {'budget': 0, 'available': False}, 'product': {'budget': 200, 'available': True, 'requestCC': False}, 'cash': {'budget': 700, 'available': True, 'minBudget': 150}}",2021-02-04 16:39:50,2021-02-04 16:15:38,FALSE,FALSE,TRUE,FALSE,FALSE,
5e286d4f7d367e0dc021ac41,5d9f4d3e5b44c00de5def97e,"{'cash': {'available': False, 'budget': 1000}, 'product': {'available': True, 'budget': 150}, 'royalty': {'available': True, 'budget': 10}, 'equity': {'available': False, 'budget': 10}}",2020-01-22 19:32:48,2020-01-22 15:42:08,TRUE,FALSE,FALSE,FALSE,FALSE,2020-01-22 15:46:32
5ce2bbbac3b2756ba03a7034,5ce2ba68c3b2756ba03a6c0a,"{'cash': {'available': True, 'budget': 5000}, 'product': {'available': False, 'budget': 100}, 'royalty': {'available': False, 'budget': 10}, 'equity': {'available': False, 'budget': 10}}",2019-05-20 14:37:47,2019-05-20 14:37:47,FALSE,FALSE,TRUE,FALSE,FALSE,
6121565f48e65e0d5886d6e5,612147fce04f3e0d66d0ca42,"{'equity': {'budget': 0, 'available': False}, 'royalty': {'budget': 0, 'available': False}, 'product': {'budget': 0, 'available': True}, 'cash': {'budget': 0, 'available': False}}",2021-08-21 19:51:32,2021-08-21 19:39:12,FALSE,FALSE,TRUE,FALSE,FALSE,
60cccad3efa4b20d86c31b21,5d4afb92fa5c1f26f9205f9a,"{'cash': {'available': True, 'budget': 5000, 'minBudget': 100}, 'product': {'available': False, 'budget': 100}, 'royalty': {'available': False, 'budget': 10}, 'equity': {'available': False, 'budget': 10}}",2021-06-18 17:16:29,2021-06-18 16:33:24,FALSE,FALSE,TRUE,FALSE,FALSE,
5c8027e8646ef40deb1c4aa0,5b203c170f2b5253ef805504,"{'cash': {'available': True, 'budget': 250}, 'product': {'available': True, 'budget': 50}, 'royalty': {'available': False, 'budget': 10}, 'equity': {'available': False, 'budget': 10}}",2020-05-26 18:31:59,2019-03-06 20:04:57,TRUE,FALSE,FALSE,TRUE,FALSE,2019-06-02 3:35:19
5f151aa298f1f70e00b00845,5e9e3de63c72f30de6c48088,"{'cash': {'available': False, 'budget': 2000}, 'product': {'available': False, 'budget': 500}, 'royalty': {'available': True, 'budget': 20}, 'equity': {'available': False, 'budget': 10}}",2020-07-20 4:23:41,2020-07-20 4:16:35,TRUE,FALSE,FALSE,TRUE,FALSE,2020-07-20 20:53:43
5d52c76c8688c869c53ce8fc,5d52c50d8688c869c53cd7f3,"{'cash': {'available': True, 'budget': 2000}, 'product': {'available': False, 'budget': 100}, 'royalty': {'available': False, 'budget': 10}, 'equity': {'available': False, 'budget': 10}}",2019-08-15 22:14:56,2019-08-13 14:21:33,TRUE,FALSE,FALSE,FALSE,FALSE,2019-08-15 18:41:24
5fd279b7371c550d7e954517,5e39c32c9015b10ddcfdf23c,"{'cash': {'available': True, 'budget': 750, 'minBudget': 650}, 'product': {'available': True, 'budget': 250, 'requestCC': False}, 'royalty': {'available': False, 'budget': 10}, 'equity': {'available': False, 'budget': 10}}",2020-12-16 16:59:07,2020-12-10 19:40:40,TRUE,FALSE,FALSE,TRUE,FALSE,2021-01-07 22:37:04
5f491d59938bd70e0ccac980,5f295f6c2b47e10def0fe8b1,"{'equity': {'budget': 0, 'available': False}, 'royalty': {'budget': 0, 'available': False}, 'product': {'budget': 0, 'available': False}, 'cash': {'budget': 3000, 'available': True}}",2020-08-28 15:06:01,2020-08-28 15:06:01,FALSE,FALSE,TRUE,FALSE,FALSE,
603bca500ba4520d6b4e6974,5fda7cb3d1b8600d626c25a5,"{'cash': {'available': True, 'budget': 5000, 'minBudget': 100}, 'product': {'available': False, 'budget': 100}, 'royalty': {'available': False, 'budget': 10}, 'equity': {'available': False, 'budget': 10}}",2021-02-28 17:13:05,2021-02-28 16:52:32,FALSE,FALSE,TRUE,FALSE,FALSE,
5f1f15bc5fe5230df4621d22,5ec29009c515360dab057261,"{'equity': {'budget': 0, 'available': False}, 'royalty': {'budget': 20, 'available': False}, 'product': {'budget': 100, 'available': True, 'requestCC': True}, 'cash': {'budget': '', 'available': True}}",2020-07-30 17:13:18,2020-07-27 17:58:20,TRUE,FALSE,FALSE,TRUE,FALSE,2020-07-30 17:13:18
5f4d3636ca83150d4f902679,5f4d33d22c9a590d7c84aab1,"{'cash': {'available': False, 'budget': 100}, 'product': {'available': True, 'budget': 200}, 'royalty': {'available': True, 'budget': 8}, 'equity': {'available': False, 'budget': 10}}",2020-09-09 22:02:01,2020-08-31 17:41:10,FALSE,FALSE,TRUE,FALSE,FALSE,
609addf83873570d72165d29,609adc2d500de70d4ddc5d4a,"{'cash': {'available': True, 'budget': 1000, 'minBudget': 100}, 'product': {'available': True, 'budget': 500, 'requestCC': False}, 'royalty': {'available': False, 'budget': 0}, 'equity': {'available': False, 'budget': 0}}",2021-05-11 19:44:45,2021-05-11 19:41:44,FALSE,FALSE,TRUE,FALSE,FALSE,
5e14bf1bd6a1e00d9c0b9a60,56fb496c7ed840380e1c1a8e,"{'cash': {'available': True, 'budget': 5000}, 'product': {'available': True, 'budget': 7600}, 'royalty': {'available': False, 'budget': 10}, 'equity': {'available': False, 'budget': 10}}",2020-01-07 17:27:52,2020-01-07 17:25:47,FALSE,FALSE,TRUE,FALSE,FALSE,
60e5d113e696820d69c51ddb,60c6252499d4920d7965744e,"{'cash': {'available': True, 'budget': 1000, 'minBudget': 500}, 'product': {'available': True, 'budget': 200, 'requestCC': False}, 'royalty': {'available': True, 'budget': 15}, 'equity': {'available': False, 'budget': 10}}",2021-07-21 3:43:38,2021-07-07 16:06:44,FALSE,FALSE,FALSE,TRUE,TRUE,2021-07-21 3:43:38
6106a8bf128c930d73c37bbc,60c32849f659ac0d4acda14a,"{'equity': {'budget': 0, 'available': False}, 'royalty': {'budget': 0, 'available': False}, 'product': {'budget': 100, 'available': True, 'requestCC': False}, 'cash': {'budget': 0, 'available': False}}",2021-08-01 14:06:04,2021-08-01 13:59:28,FALSE,FALSE,TRUE,FALSE,FALSE,
5ec2c6dd12ee6b153a396b83,5ec2c4b88c68070dde84e0f7,"{'cash': {'available': True, 'budget': 1000}, 'product': {'available': True, 'budget': 1300}, 'royalty': {'available': True, 'budget': 2}, 'equity': {'available': False, 'budget': 0}}",2020-05-18 17:58:29,2020-05-18 17:33:17,FALSE,FALSE,TRUE,FALSE,FALSE,
5ebc0c8b220bde0dc968c1d2,5ebc09856b38be685aef216a,"{'cash': {'available': True, 'budget': 500}, 'product': {'available': True, 'budget': 115}, 'royalty': {'available': True, 'budget': 21.75}, 'equity': {'available': False, 'budget': 0}}",2020-05-13 19:39:15,2020-05-13 15:04:43,TRUE,FALSE,FALSE,FALSE,FALSE,2020-05-13 15:39:20
6112bea955ad840d70115c0c,611202383b4a210d6dd8ed2e,"{'equity': {'budget': 0, 'available': False}, 'royalty': {'budget': 30, 'available': True}, 'product': {'budget': 300, 'available': True, 'requestCC': False}, 'cash': {'budget': 10000, 'available': False}}",2021-08-10 18:11:28,2021-08-10 18:00:10,FALSE,FALSE,TRUE,FALSE,FALSE,
5d91708872baeb0dbaba7e5b,5cc854d04c07c54754abceff,"{'cash': {'available': True, 'budget': 1000}, 'product': {'available': True, 'budget': 99}, 'royalty': {'available': False, 'budget': 10}, 'equity': {'available': False, 'budget': 10}}",2019-10-15 14:20:08,2019-09-30 3:03:37,TRUE,FALSE,FALSE,TRUE,FALSE,2019-09-30 12:35:42
5c531add60773b7c15c41481,5c3df1a0d5854974ea379b5e,"{'equity': {'budget': 10, 'available': False}, 'royalty': {'budget': 10, 'available': True}, 'product': {'requestCC': True, 'budget': 1000, 'available': True}, 'cash': {'budget': 500, 'available': True}}",2019-01-31 17:16:14,2019-01-31 17:16:14,TRUE,FALSE,FALSE,FALSE,FALSE,2019-01-31 17:15:59
5e5e7e6617d8ca0dd58204c0,5e55a6f9a24e710ddfb5b755,"{'cash': {'available': True, 'budget': 5000}, 'product': {'available': False, 'budget': 100}, 'royalty': {'available': False, 'budget': 10}, 'equity': {'available': False, 'budget': 10}}",2020-03-03 15:59:24,2020-03-03 15:57:27,FALSE,FALSE,TRUE,FALSE,FALSE,
5e7381ff1c121e0d9b0b77b2,5d9f4d3e5b44c00de5def97e,"{'cash': {'available': True, 'budget': 1250}, 'product': {'available': True, 'budget': 100}, 'royalty': {'available': True, 'budget': 10}, 'equity': {'available': False, 'budget': 10}}",2020-04-06 19:54:04,2020-03-19 14:30:24,TRUE,FALSE,FALSE,FALSE,FALSE,2020-03-26 14:01:34
5e8b03d48e66e50d259053cb,59913244d01f3556e2fc318a,"{'cash': {'available': True, 'budget': 5000}, 'product': {'available': False, 'budget': 100}, 'royalty': {'available': False, 'budget': 10}, 'equity': {'available': False, 'budget': 10}}",2020-04-06 11:40:17,2020-04-06 10:26:29,FALSE,FALSE,TRUE,FALSE,FALSE,
5cb79592107e997e8b70b0fd,5c787d70df03886f96b6344d,"{'cash': {'available': True, 'budget': 2500}, 'product': {'available': True, 'budget': 225}, 'royalty': {'available': False, 'budget': 10}, 'equity': {'available': False, 'budget': 10}}",2019-04-18 16:33:17,2019-03-26 21:36:23,TRUE,FALSE,FALSE,FALSE,FALSE,2019-04-18 19:05:05
5c8040a6646ef40deb1c77d6,5c6c6a8bc790740d1facd244,"{'cash': {'available': True, 'budget': 200}, 'product': {'available': True, 'budget': 100}, 'royalty': {'available': False, 'budget': 10}, 'equity': {'available': False, 'budget': 10}}",2019-03-11 16:02:16,2019-03-06 21:50:31,FALSE,FALSE,TRUE,FALSE,FALSE,
5f0888c52cc7650deefccc09,5ee0060e8387316907f0c5c6,"{'cash': {'available': True, 'budget': 5000}, 'product': {'available': False, 'budget': 100}, 'royalty': {'available': False, 'budget': 10}, 'equity': {'available': False, 'budget': 10}}",2020-07-10 15:27:01,2020-07-10 15:27:01,FALSE,FALSE,TRUE,FALSE,FALSE,
6046e5201149d50d404c8a7d,6046dc7e650f7b0d3fec8dca,"{'cash': {'available': True, 'budget': 5000, 'minBudget': 100}, 'product': {'available': True, 'budget': 100, 'requestCC': False}, 'royalty': {'available': False, 'budget': 10}, 'equity': {'available': False, 'budget': 10}, 'mediaProduction': True}",2021-03-09 3:18:27,2021-03-09 3:01:53,FALSE,FALSE,TRUE,FALSE,FALSE,
5f4698a2582cf00dd52b6f52,5f469742582cf00dd52b6e06,"{'cash': {'available': True, 'budget': 86400}, 'product': {'available': False, 'budget': 100, 'requestCC': True}, 'royalty': {'available': False, 'budget': 10}, 'equity': {'available': False, 'budget': 10}}",2020-08-26 17:23:20,2020-08-26 17:15:14,FALSE,FALSE,FALSE,FALSE,TRUE,
5c802769646ef40deb1c494f,5c3e29afe266c87dc3e14162,"{'cash': {'available': True, 'budget': 5000}, 'product': {'available': False, 'budget': 100}, 'royalty': {'available': False, 'budget': 10}, 'equity': {'available': False, 'budget': 10}}",2019-03-06 20:34:03,2019-03-06 20:02:50,FALSE,FALSE,TRUE,FALSE,FALSE,
5e090567c665680d97adff0f,5b6ee0ea3283b26a59cb0030,"{'cash': {'available': True, 'budget': 3000}, 'product': {'available': True, 'budget': 500}, 'royalty': {'available': False, 'budget': 0}, 'equity': {'available': False, 'budget': 0}}",2019-12-29 19:59:45,2019-12-29 19:58:32,TRUE,FALSE,FALSE,FALSE,FALSE,2019-12-30 12:52:13
5ebdaa3db398fe11ede8115b,56fb49bd7ed840380e1c2338,"{'cash': {'available': True, 'budget': 150}, 'product': {'available': False, 'budget': 100}, 'royalty': {'available': False, 'budget': 10}, 'equity': {'available': False, 'budget': 10}}",2020-05-14 20:40:05,2020-05-14 20:29:49,TRUE,FALSE,FALSE,FALSE,FALSE,2020-05-14 20:58:18
5e66ddf65927d10da9c83772,5cbe020dc4f74a1687607055,"{'cash': {'available': True, 'budget': 6250}, 'product': {'available': True, 'budget': 100}, 'royalty': {'available': False, 'budget': 10}, 'equity': {'available': False, 'budget': 10}}",2020-03-10 21:15:22,2020-03-10 0:23:18,TRUE,FALSE,FALSE,FALSE,FALSE,2020-03-10 21:11:07
5f4c5dac761af40d4609655d,5f45901f1bad9f0d9efe868d,"{'cash': {'available': False, 'budget': 5000}, 'product': {'available': False, 'budget': 100}, 'royalty': {'available': True, 'budget': 75}, 'equity': {'available': False, 'budget': 10}}",2020-08-31 2:29:45,2020-08-31 2:17:16,TRUE,FALSE,FALSE,TRUE,FALSE,2020-08-31 2:29:45
6171a6f79d49ca0d994320ad,613fcf8f20fea90d87c5eb07,"{'cash': {'available': True, 'budget': 300, 'minBudget': 150}, 'product': {'available': False, 'budget': 100, 'requestCC': False}, 'royalty': {'available': False, 'budget': 0, 'prefix': 'percentage'}, 'equity': {'available': False, 'budget': 0, 'prefix': 'percentage'}}",2021-10-27 21:57:17,2021-10-21 17:44:24,FALSE,FALSE,FALSE,TRUE,TRUE,2021-10-21 18:50:40
5f9b01c29411230d6ab857d8,5f769d3c6082710d72b35b1b,"{'cash': {'available': True, 'budget': 50}, 'product': {'available': True, 'budget': 1250, 'requestCC': True}, 'royalty': {'available': False, 'budget': 0}, 'equity': {'available': False, 'budget': 0}}",2020-10-31 22:51:11,2020-10-29 17:54:11,FALSE,TRUE,FALSE,TRUE,TRUE,2020-10-29 18:02:47
609b4e4e3463da0d58df0966,6092919d5ee3e90d76cb9eb7,"{'cash': {'available': True, 'budget': 800, 'minBudget': 100}, 'product': {'available': True, 'budget': 1000, 'requestCC': False}, 'royalty': {'available': False, 'budget': 0}, 'equity': {'available': False, 'budget': 0}}",2021-05-12 3:45:28,2021-05-12 3:41:03,FALSE,FALSE,TRUE,FALSE,FALSE,
5e4a41d760671d103aeefeb1,5e4a3f8cd0a8c40db2565361,"{'cash': {'available': True, 'budget': 5000}, 'product': {'available': False, 'budget': 100}, 'royalty': {'available': True, 'budget': 10}, 'equity': {'available': False, 'budget': 10}}",2020-02-17 7:37:07,2020-02-17 7:33:43,FALSE,FALSE,TRUE,FALSE,FALSE,
5c89698cae269f186b7cd542,5a624c9b4b843c51658cc235,"{'cash': {'available': True, 'budget': 1500}, 'product': {'available': True, 'budget': 200}, 'royalty': {'available': False, 'budget': 10}, 'equity': {'available': False, 'budget': 10}}",2019-03-14 19:30:18,2019-03-13 20:35:24,TRUE,FALSE,FALSE,FALSE,FALSE,2019-03-14 19:30:35
5f04c33ecc83080d94aa2fee,5f04c248862df00ddf305229,"{'cash': {'available': True, 'budget': 4200}, 'product': {'available': True, 'budget': 1000}, 'royalty': {'available': False, 'budget': 0}, 'equity': {'available': False, 'budget': 0}}",2020-07-07 18:50:18,2020-07-07 18:47:26,FALSE,FALSE,FALSE,FALSE,TRUE,
5f41a1e5b6efaa0de823ecd6,5f41a0fae61a0b0de60acab4,"{'cash': {'available': True, 'budget': 100}, 'product': {'available': False, 'budget': 100, 'requestCC': False}, 'royalty': {'available': False, 'budget': 10}, 'equity': {'available': False, 'budget': 10}}",2020-08-22 22:56:19,2020-08-22 22:53:26,FALSE,FALSE,TRUE,FALSE,FALSE,
5e99a4c24e00c90dd753c8dd,5e53fd3454bb7e7739afbfa8,"{'cash': {'available': True, 'budget': 500}, 'product': {'available': False, 'budget': 98}, 'royalty': {'available': False, 'budget': 10}, 'equity': {'available': False, 'budget': 10}}",2020-04-17 13:19:56,2020-04-17 12:44:50,TRUE,FALSE,FALSE,FALSE,FALSE,2020-04-17 13:18:54
5f5bb237f8d8a50d75192289,5f5bb1e4ee03f20dc9bf718a,"{'cash': {'available': True, 'budget': 5000}, 'product': {'available': False, 'budget': 100}, 'royalty': {'available': False, 'budget': 10}, 'equity': {'available': False, 'budget': 10}}",2020-09-11 17:22:56,2020-09-11 17:22:00,FALSE,FALSE,TRUE,FALSE,FALSE,
60e65fa91c253d7b5b18b32a,60e65da474e7c00dd54d73e6,"{'equity': {'budget': 0, 'available': False}, 'royalty': {'budget': 0, 'available': False}, 'product': {'budget': 0, 'available': False}, 'cash': {'budget': 500, 'available': True}}",2021-07-08 2:18:27,2021-07-08 2:15:06,FALSE,FALSE,TRUE,FALSE,FALSE,
5cdfb6eb746fc877ef08f42d,5cdfb5dac0a6ea056ba8528e,"{'cash': {'available': True, 'budget': 5000}, 'product': {'available': False, 'budget': 100}, 'royalty': {'available': False, 'budget': 10}, 'equity': {'available': False, 'budget': 10}}",2019-05-18 7:40:27,2019-05-18 7:40:27,FALSE,FALSE,TRUE,FALSE,FALSE,
5eab28d740fea174fc2f12a5,5eab1bced7c83d74f664c02e,"{'cash': {'available': True, 'budget': 100}, 'product': {'available': True, 'budget': 250, 'requestCC': True}, 'royalty': {'available': True, 'budget': 15}, 'equity': {'available': False, 'budget': 0}}",2020-05-05 3:44:42,2020-04-30 19:36:56,TRUE,FALSE,FALSE,TRUE,FALSE,2020-05-01 15:25:18
5fadff3d414c780d3fe7eef1,5fac7d3e220e690d333e01ff,"{'cash': {'available': True, 'budget': 100000}, 'product': {'available': False, 'budget': 500000, 'requestCC': False}, 'royalty': {'available': False, 'budget': 10}, 'equity': {'available': False, 'budget': 10}}",2020-11-13 3:46:13,2020-11-13 3:36:29,FALSE,FALSE,TRUE,FALSE,FALSE,
5f8608f830406c0d5ad1ec88,5f29c7222a6b8f0dcf30ab33,"{'cash': {'available': True, 'budget': 12000}, 'product': {'available': False, 'budget': 100}, 'royalty': {'available': False, 'budget': 10}, 'equity': {'available': False, 'budget': 10}}",2020-10-13 20:09:42,2020-10-13 20:07:21,TRUE,FALSE,FALSE,TRUE,FALSE,2020-10-13 20:54:03
5d96043fd248430de986318c,5bd211b1ee006a7502875daa,"{'cash': {'available': True, 'budget': 250}, 'product': {'available': True, 'budget': 300}, 'royalty': {'available': False, 'budget': 10}, 'equity': {'available': False, 'budget': 10}}",2019-10-11 13:40:00,2019-10-03 14:22:56,TRUE,FALSE,FALSE,TRUE,FALSE,2019-10-11 17:43:35
6021777833c33e0d346c864c,60216e166926b10d355205ae,"{'cash': {'available': False, 'budget': 0}, 'product': {'available': True, 'budget': 300, 'requestCC': False}, 'royalty': {'available': False, 'budget': 0}, 'equity': {'available': False, 'budget': 0}, 'mediaProduction': True}",2021-02-08 17:58:47,2021-02-08 17:40:09,FALSE,FALSE,TRUE,FALSE,FALSE,
5f4b8939c411220d3602e908,5f4b85453edab80d3b8f009c,"{'cash': {'available': True, 'budget': 5000}, 'product': {'available': False, 'budget': 100}, 'royalty': {'available': False, 'budget': 10}, 'equity': {'available': False, 'budget': 10}}",2020-08-30 11:10:49,2020-08-30 11:10:49,FALSE,FALSE,TRUE,FALSE,FALSE,
611593069e1c250d64b320e5,60f8ab91d844c90d6f1bb8f7,"{'cash': {'available': True, 'budget': 1400, 'minBudget': 1}, 'product': {'available': False, 'budget': 100, 'requestCC': False}, 'royalty': {'available': False, 'budget': 10}, 'equity': {'available': False, 'budget': 10}}",2021-09-21 0:14:00,2021-08-12 21:30:46,FALSE,FALSE,TRUE,FALSE,FALSE,
5faadd512dc9340d5b61a1ed,5f4e995de733170d6428dfb5,"{'cash': {'available': True, 'budget': 700}, 'product': {'available': True, 'budget': 100, 'requestCC': False}, 'royalty': {'available': False, 'budget': 10}, 'equity': {'available': False, 'budget': 10}}",2020-11-19 18:19:51,2020-11-10 18:34:57,TRUE,FALSE,FALSE,TRUE,FALSE,2020-11-19 18:19:51
5efc15878c7ae10dc1c911a8,5efc134aa5bc8c0df3de76a1,"{'cash': {'available': True, 'budget': 200}, 'product': {'available': True, 'budget': 100}, 'royalty': {'available': False, 'budget': 10}, 'equity': {'available': False, 'budget': 10}}",2020-07-07 13:26:27,2020-07-01 4:48:08,TRUE,FALSE,FALSE,TRUE,FALSE,2020-07-07 13:26:27
5fd56919bdf6e10d694df52b,5f25e38d7e8a2b0dfe538335,"{'cash': {'available': True, 'budget': 100000, 'minBudget': 50000}, 'product': {'available': True, 'budget': 5000, 'requestCC': False}, 'royalty': {'available': False, 'budget': 0}, 'equity': {'available': False, 'budget': 0}}",2021-01-13 8:25:11,2020-12-13 1:06:34,TRUE,FALSE,FALSE,TRUE,FALSE,2021-01-13 8:25:11
5cd49fd344dde965cde39db0,597f375cc0c08e49d995a8c1,"{'cash': {'available': True, 'budget': 1000}, 'product': {'available': True, 'budget': 100}, 'royalty': {'available': False, 'budget': 10}, 'equity': {'available': False, 'budget': 10}}",2021-07-21 14:20:25,2019-05-09 21:47:00,FALSE,TRUE,FALSE,FALSE,TRUE,2019-05-21 15:13:31
6025475a8657070d6871185e,5efb7f52dc1fab678e8b8492,"{'cash': {'available': True, 'budget': 100000, 'minBudget': 5000}, 'product': {'available': False, 'budget': 100, 'requestCC': False}, 'royalty': {'available': False, 'budget': 10}, 'equity': {'available': False, 'budget': 10}}",2021-02-11 15:10:30,2021-02-11 15:03:55,FALSE,FALSE,TRUE,FALSE,FALSE,
5eb5cf1208083e7666a9fb6c,5eb5aa86745ebd05138355a7,"{'cash': {'available': True, 'budget': 40000}, 'product': {'available': True, 'budget': ''}, 'royalty': {'available': False, 'budget': 0}, 'equity': {'available': False, 'budget': 0}}",2020-05-08 21:33:10,2020-05-08 21:28:51,FALSE,FALSE,TRUE,FALSE,FALSE,
5efd11d871b8096d11d63222,5efd10a712ac70183d048b38,"{'cash': {'available': False, 'budget': 0}, 'product': {'available': False, 'budget': 0}, 'royalty': {'available': False, 'budget': 0}, 'equity': {'available': False, 'budget': 0}}",2020-07-01 22:52:09,2020-07-01 22:44:40,FALSE,FALSE,TRUE,FALSE,FALSE,
5f1f1121a04f290e002bc9b2,5f1f0b09ea6ac510cd358820,"{'equity': {'budget': 0, 'available': False}, 'royalty': {'budget': 8, 'available': True}, 'product': {'budget': 100, 'available': True, 'requestCC': True}, 'cash': {'budget': '', 'available': False}}",2020-07-27 17:53:17,2020-07-27 17:38:41,TRUE,FALSE,FALSE,TRUE,FALSE,2020-07-27 17:53:17
5cb74ec836df8b76c130a013,5c7818b1f01cd06f93f05920,"{'cash': {'available': True, 'budget': 5000}, 'product': {'available': False, 'budget': 100}, 'royalty': {'available': False, 'budget': 10}, 'equity': {'available': False, 'budget': 10}}",2019-04-17 16:11:40,2019-04-17 16:05:28,FALSE,TRUE,TRUE,FALSE,FALSE,
5ee268eb5b129c0dbab53783,5ee1a0dff005a00dd4e71bb4,"{'cash': {'available': True, 'budget': 500}, 'product': {'available': False, 'budget': 100, 'requestCC': True}, 'royalty': {'available': False, 'budget': 10}, 'equity': {'available': False, 'budget': 10}}",2020-06-12 19:06:34,2020-06-11 17:24:59,FALSE,TRUE,FALSE,FALSE,TRUE,
609ef7635166750d76467b65,6095a88e0c82900d7ffbd2c0,"{'equity': {'budget': 0, 'available': False}, 'royalty': {'budget': 0, 'available': False}, 'product': {'budget': 0, 'available': True}, 'cash': {'budget': 0, 'available': True}}",2021-05-14 22:23:08,2021-05-14 22:19:16,FALSE,FALSE,TRUE,FALSE,FALSE,
5f90cf38a5c86f6b798c2f12,5f6826aefb4aa80d4a046abd,"{'cash': {'available': True, 'budget': 2500}, 'product': {'available': False, 'budget': 100, 'requestCC': False}, 'royalty': {'available': False, 'budget': 10}, 'equity': {'available': False, 'budget': 10}}",2020-12-16 4:09:37,2020-10-22 0:15:53,TRUE,FALSE,FALSE,TRUE,FALSE,2020-12-16 4:09:37
5ea081219ab2e70deabf5038,5e9780e0fb07bb047cd5af07,"{'cash': {'available': True, 'budget': 100}, 'product': {'available': False, 'budget': 100}, 'royalty': {'available': True, 'budget': 10}, 'equity': {'available': False, 'budget': 10}}",2020-04-22 17:57:37,2020-04-22 17:38:42,FALSE,FALSE,TRUE,FALSE,FALSE,
5e24c70bbe3a090dc375fba6,5e2236d682b54a0dc7603507,"{'cash': {'available': True, 'budget': 500}, 'product': {'available': True, 'budget': 200, 'requestCC': True}, 'royalty': {'available': False, 'budget': 10}, 'equity': {'available': False, 'budget': 10}}",2020-01-20 19:47:43,2020-01-19 21:15:55,TRUE,FALSE,FALSE,FALSE,FALSE,2020-01-20 19:48:04
5fa01279d404130d7bfc58d6,5f08e8a78886140db7f84c41,"{'cash': {'available': False, 'budget': 100}, 'product': {'available': True, 'budget': 100}, 'royalty': {'available': True, 'budget': 20}, 'equity': {'available': False, 'budget': 10}, 'mediaProduction': False}",2020-11-02 14:41:28,2020-11-02 14:06:49,TRUE,FALSE,FALSE,TRUE,FALSE,2020-11-02 14:41:28
5f2c3aced337690dd3edec64,5f0f54021d14e40dc2196108,"{'equity': {'budget': 0, 'available': False}, 'royalty': {'budget': 0, 'available': False}, 'product': {'budget': 50, 'available': True}, 'cash': {'budget': '', 'available': False}}",2020-08-06 18:29:39,2020-08-06 17:15:58,FALSE,FALSE,TRUE,FALSE,FALSE,
5eb3798fb8d2d80dc7a92cd6,5eb37800b8d2d80dc7a92c46,"{'cash': {'available': True, 'budget': 100000}, 'product': {'available': True, 'budget': 100}, 'royalty': {'available': False, 'budget': 10}, 'equity': {'available': False, 'budget': 10}}",2020-05-07 3:04:06,2020-05-07 2:59:27,FALSE,FALSE,FALSE,FALSE,TRUE,
5f62b0e4d19ee90d5b5af7ad,5f62ae74d19ee90d5b5af650,"{'cash': {'available': False, 'budget': 0}, 'product': {'available': False, 'budget': 0}, 'royalty': {'available': False, 'budget': 0}, 'equity': {'available': False, 'budget': 0}}",2020-09-17 0:44:17,2020-09-17 0:42:12,FALSE,FALSE,TRUE,FALSE,FALSE,
5ec689633c670b0dcd4513df,5ec67f3eb1d2220db3b79613,"{'cash': {'available': True, 'budget': 5000}, 'product': {'available': False, 'budget': 100}, 'royalty': {'available': False, 'budget': 10}, 'equity': {'available': False, 'budget': 10}}",2020-05-21 14:02:34,2020-05-21 14:00:03,FALSE,FALSE,TRUE,FALSE,FALSE,
617ae3609ab1290d6b2d1b93,60de299baf6f4d16abe304c2,"{'cash': {'available': True, 'minBudget': 500, 'budget': 750}, 'product': {'available': False, 'budget': 100, 'requestCC': False}, 'royalty': {'available': False, 'budget': 10, 'prefix': 'percentage'}, 'equity': {'available': False, 'budget': 10, 'prefix': 'percentage'}}",2021-11-02 16:24:37,2021-10-28 17:52:32,FALSE,FALSE,FALSE,TRUE,TRUE,2021-10-28 18:32:43
5ed4adf11eb3c20dfa11bec5,5ed4a98b8faa150dc79ffbde,"{'cash': {'available': True, 'budget': 10600}, 'product': {'available': True, 'budget': 3000, 'requestCC': True}, 'royalty': {'available': False, 'budget': 10}, 'equity': {'available': False, 'budget': 10}}",2020-06-01 7:45:54,2020-06-01 7:27:45,FALSE,FALSE,TRUE,FALSE,FALSE,
608a666a41c6fe0d618a3d7b,60892143f553700d5ded8c14,"{'cash': {'available': True, 'budget': 5000, 'minBudget': 100}, 'product': {'available': False, 'budget': 100}, 'royalty': {'available': False, 'budget': 10}, 'equity': {'available': False, 'budget': 10}, 'mediaProduction': True}",2021-04-29 8:01:22,2021-04-29 7:55:23,FALSE,FALSE,TRUE,FALSE,FALSE,
5f21c60fd8864d0df24ced91,5f11f5cafe9f490db0a5aaa6,"{'equity': {'budget': 0, 'available': False}, 'royalty': {'budget': 0, 'available': False}, 'product': {'budget': 100, 'available': True}, 'cash': {'budget': '', 'available': False}}",2020-07-29 19:13:40,2020-07-29 18:55:12,TRUE,FALSE,FALSE,TRUE,FALSE,2020-07-29 19:13:40
5ecf1f9f0262940ddb3a0e90,5ecf18b290f9ed0dcbe4e0c3,"{'cash': {'available': True, 'budget': 100}, 'product': {'available': True, 'budget': 100}, 'royalty': {'available': True, 'budget': 0}, 'equity': {'available': True, 'budget': 0}}",2020-05-28 2:38:47,2020-05-28 2:19:12,FALSE,FALSE,FALSE,FALSE,TRUE,
608e5633a0359f0d422f162b,608e4c72bec1700d6b6c439e,"{'equity': {'budget': 0, 'available': False}, 'royalty': {'budget': 0, 'available': False}, 'product': {'budget': 0, 'available': True}, 'cash': {'budget': 0, 'available': False}}",2021-05-02 7:35:15,2021-05-02 7:35:15,FALSE,FALSE,TRUE,FALSE,FALSE,
5c9a6edcc2185f5362a5b5c3,5c6ee8e72f12f1514f325a7e,"{'cash': {'available': True, 'budget': 1000}, 'product': {'available': True, 'budget': 100}, 'royalty': {'available': False, 'budget': 10}, 'equity': {'available': False, 'budget': 10}}",2019-03-28 15:08:56,2019-03-28 18:26:37,TRUE,FALSE,FALSE,FALSE,FALSE,2019-03-28 15:16:32
5eceaea1e5f55d0dd14140e0,5ecea7b9b7239767407bbe2b,"{'cash': {'available': True, 'budget': 1000}, 'product': {'available': True, 'budget': 4495, 'requestCC': True}, 'royalty': {'available': False, 'budget': 0}, 'equity': {'available': False, 'budget': 0}}",2020-06-05 14:04:32,2020-05-27 18:17:05,TRUE,FALSE,FALSE,TRUE,FALSE,2020-06-05 14:04:32
5ef506d3186ef30dca3af1cd,5ef375a09ce95273fa646806,"{'cash': {'available': True, 'budget': 2000}, 'product': {'available': False, 'budget': ''}, 'royalty': {'available': False, 'budget': 0}, 'equity': {'available': False, 'budget': 0}, 'mediaProduction': True}",2020-06-25 23:22:08,2020-06-25 20:19:32,TRUE,FALSE,FALSE,TRUE,FALSE,2020-06-25 23:22:08
609fec105d2c740d86ece13e,609506efc13fbc0d712fbaf6,"{'cash': {'available': True, 'budget': 1100, 'minBudget': 500}, 'product': {'available': True, 'budget': 250, 'requestCC': False}, 'royalty': {'available': False, 'budget': 0}, 'equity': {'available': False, 'budget': 0}}",2021-05-17 11:10:13,2021-05-15 15:43:13,FALSE,FALSE,FALSE,TRUE,TRUE,2021-05-17 11:10:13
5e8b900be09a870dce76e3fb,5e8b8d66d44c730dd93839aa,"{'cash': {'available': True, 'budget': 1500}, 'product': {'available': True, 'budget': 200}, 'royalty': {'available': True, 'budget': 20}, 'equity': {'available': False, 'budget': 10}}",2020-04-06 22:15:30,2020-04-06 20:24:44,TRUE,FALSE,FALSE,FALSE,FALSE,2020-04-06 21:59:28
5eab01d63433607e77da2395,59443aa6cb5c6f319498a6bf,"{'cash': {'available': True, 'budget': 250}, 'product': {'available': True, 'budget': 100}, 'royalty': {'available': False, 'budget': 10}, 'equity': {'available': False, 'budget': 10}}",2020-04-30 18:35:36,2020-04-30 16:50:31,FALSE,FALSE,TRUE,FALSE,FALSE,
613ac10da8df750d6d34be4a,5f878dc5dd33f20d5b9580e5,"{'cash': {'available': False, 'budget': None}, 'product': {'available': True, 'budget': 100, 'requestCC': False}, 'royalty': {'available': False, 'budget': 0}, 'equity': {'available': False, 'budget': 0}}",2021-09-10 2:45:49,2021-09-10 2:21:01,FALSE,FALSE,TRUE,FALSE,FALSE,
5e713661c06b840dd52aa38c,5b07e41e68712235e4029f53,"{'cash': {'available': True, 'budget': 10000}, 'product': {'available': False, 'budget': 100}, 'royalty': {'available': True, 'budget': 50}, 'equity': {'available': False, 'budget': 10}}",2020-03-18 17:59:22,2020-03-17 20:43:13,TRUE,FALSE,FALSE,FALSE,FALSE,2020-03-18 16:14:42
5d93a744eb05fb0dac8a69ff,5c7d689586aa2c200a56f6e5,"{'cash': {'available': True, 'budget': 1000}, 'product': {'available': True, 'budget': 300}, 'royalty': {'available': False, 'budget': 10}, 'equity': {'available': False, 'budget': 10}}",2019-10-02 22:17:16,2019-10-01 19:21:41,TRUE,FALSE,FALSE,FALSE,FALSE,2019-10-02 19:52:15
5ff476612e6f9b0d6486fbf7,5ff3f8dc4bdfad0d795ea686,"{'cash': {'available': False, 'budget': 5000, 'minBudget': 100}, 'product': {'available': True, 'budget': 1000, 'requestCC': False}, 'royalty': {'available': False, 'budget': 10}, 'equity': {'available': False, 'budget': 10}}",2021-01-05 14:30:39,2021-01-05 14:23:29,TRUE,FALSE,FALSE,TRUE,FALSE,2021-01-05 14:30:39
5fda2857d996830d6bdb3b3e,5fda1dc197b4d50d63ef85f0,"{'cash': {'available': True, 'budget': 2000, 'minBudget': 100}, 'product': {'available': True, 'budget': 50, 'requestCC': False}, 'royalty': {'available': False, 'budget': 10}, 'equity': {'available': False, 'budget': 10}, 'mediaProduction': True}",2020-12-16 15:57:23,2020-12-16 15:31:36,FALSE,FALSE,TRUE,FALSE,FALSE,
5f2e0c1a3cc4020df8634bbc,5ee02026a01db40dac3ec00f,"{'equity': {'budget': 2, 'available': False}, 'royalty': {'budget': 0, 'available': False}, 'product': {'budget': 500, 'available': True, 'requestCC': True}, 'cash': {'budget': 2000, 'available': False}}",2020-08-08 2:27:43,2020-08-08 2:21:14,TRUE,FALSE,FALSE,TRUE,FALSE,2020-08-08 2:27:43
5eb58c21cc362c0dd196eb78,5eb58b690737bc0dd188931f,"{'cash': {'available': True, 'budget': 5000}, 'product': {'available': False, 'budget': 100}, 'royalty': {'available': False, 'budget': 10}, 'equity': {'available': False, 'budget': 10}}",2020-05-08 16:43:13,2020-05-08 16:43:13,FALSE,FALSE,TRUE,FALSE,FALSE,
5e9dbab2c24aa30dd12c9c47,5e9dba58ecb3ba0dd051efb7,"{'cash': {'available': True, 'budget': 1400}, 'product': {'available': False, 'budget': ''}, 'royalty': {'available': False, 'budget': 0}, 'equity': {'available': False, 'budget': 0}}",2020-04-20 15:10:05,2020-04-20 15:07:30,FALSE,FALSE,TRUE,FALSE,FALSE,
60bfb8700969130d5ad6c11f,60bfaf9d074fb50d59e60187,"{'cash': {'available': True, 'budget': 96200, 'minBudget': 5000}, 'product': {'available': True, 'budget': 9700, 'requestCC': False}, 'royalty': {'available': False, 'budget': 10}, 'equity': {'available': False, 'budget': 10}}",2021-06-08 18:55:12,2021-06-08 18:35:28,FALSE,FALSE,TRUE,FALSE,FALSE,
5d3b2a09d0df737235b2070e,5d38b8a3ff639e1fce35e3ac,"{'cash': {'available': True, 'budget': 5000}, 'product': {'available': True, 'budget': 200}, 'royalty': {'available': False, 'budget': 10}, 'equity': {'available': False, 'budget': 10}}",2019-07-26 16:36:58,2019-07-26 16:27:54,FALSE,FALSE,TRUE,FALSE,FALSE,
5f184bc83fcbc83a9b00705f,5953e9246e9d6721a286f00e,"{'cash': {'available': True, 'budget': 5000}, 'product': {'available': False, 'budget': 100}, 'royalty': {'available': False, 'budget': 10}, 'equity': {'available': False, 'budget': 10}}",2020-07-22 15:21:31,2020-07-22 14:23:05,FALSE,TRUE,TRUE,FALSE,FALSE,
602706c9ba36750d782ec168,58cac23e438b46329f0ae5eb,"{'cash': {'available': True, 'budget': 300}, 'product': {'available': True, 'budget': 100}, 'royalty': {'available': False, 'budget': 10}, 'equity': {'available': False, 'budget': 10}}",2021-02-12 23:28:57,2021-02-12 22:52:57,FALSE,FALSE,FALSE,TRUE,TRUE,2021-02-12 23:28:57
5d23894a0f300605e857c24c,5c5df153296f393fb45bbb0d,"{'cash': {'available': True, 'budget': 350}, 'product': {'available': True, 'budget': 30}, 'royalty': {'available': False, 'budget': 10}, 'equity': {'available': False, 'budget': 10}}",2019-07-09 21:16:56,2019-07-08 18:19:55,TRUE,FALSE,FALSE,FALSE,FALSE,2019-07-08 20:05:03
5f6d00e5d713200d6b13099c,5ea22b2ba5183e0db84c3cbf,"{'cash': {'available': False, 'budget': ''}, 'product': {'available': True, 'budget': 100}, 'royalty': {'available': False, 'budget': 0}, 'equity': {'available': False, 'budget': 0}}",2020-09-27 22:34:04,2020-09-24 20:26:13,TRUE,FALSE,FALSE,TRUE,FALSE,2020-09-27 22:34:04
5eaf1855dbe0330de1da424f,5ca9641a288a552580879ed5,"{'cash': {'available': True, 'budget': 5000}, 'product': {'available': False, 'budget': ''}, 'royalty': {'available': True, 'budget': 20}, 'equity': {'available': False, 'budget': 25}}",2020-05-03 20:10:16,2020-05-03 19:15:33,TRUE,FALSE,FALSE,FALSE,FALSE,2020-05-04 14:32:20
5fa0310e57f69c0d5b2920af,5f5692666881dc0d56f8d904,"{'cash': {'available': True, 'budget': 1500}, 'product': {'available': False, 'budget': '', 'requestCC': False}, 'royalty': {'available': False, 'budget': 0}, 'equity': {'available': False, 'budget': 0}}",2020-11-02 16:17:28,2020-11-02 16:17:18,FALSE,FALSE,TRUE,FALSE,FALSE,
5cd0523b0384845b4e4359f6,5c6c6a8bc790740d1facd244,"{'cash': {'available': False, 'budget': 5000}, 'product': {'available': True, 'budget': 340}, 'royalty': {'available': False, 'budget': 10}, 'equity': {'available': False, 'budget': 10}}",2019-05-08 9:49:16,2019-05-06 15:26:52,TRUE,FALSE,FALSE,FALSE,FALSE,2019-05-07 17:13:49
5eda8bf346e2a16cf8455b45,5ed15fc3e6f1f00dc8a19abb,"{'cash': {'available': True, 'budget': 10000}, 'product': {'available': True, 'budget': 4000}, 'royalty': {'available': True, 'budget': 15}, 'equity': {'available': False, 'budget': 0}}",2020-06-05 19:32:43,2020-06-05 18:16:19,FALSE,FALSE,FALSE,FALSE,TRUE,
5e1f50de3ebbac0dcf979f43,5e1f4fd1d737dd0dd0354f96,"{'cash': {'available': True, 'budget': 5000}, 'product': {'available': True, 'budget': 100}, 'royalty': {'available': False, 'budget': 10}, 'equity': {'available': False, 'budget': 10}}",2020-01-16 18:19:04,2020-01-15 17:50:22,TRUE,FALSE,FALSE,FALSE,FALSE,2020-01-16 18:21:44
5f4643130ee1c70dd5dc9ee0,5f4640a3ad283a0dc70385f0,"{'equity': {'budget': 0, 'available': False}, 'royalty': {'budget': 0, 'available': True}, 'product': {'budget': 500, 'available': True}, 'cash': {'budget': '', 'available': True}}",2020-08-26 11:17:16,2020-08-26 11:10:11,TRUE,FALSE,FALSE,TRUE,FALSE,2020-08-26 11:17:16
5f271be9d6e0a70db91c12dc,5ee00302f1963418d3add756,"{'equity': {'budget': 0, 'available': False}, 'royalty': {'budget': 50, 'available': True}, 'product': {'budget': 100, 'available': False}, 'cash': {'budget': 100, 'available': False}, 'mediaProduction': False}",2020-08-03 15:15:46,2020-08-02 20:02:50,TRUE,FALSE,FALSE,TRUE,FALSE,2020-08-03 15:15:46
5f248c2ff8bacc0dd726231b,5f248a040e4e3f0e000d9dac,"{'cash': {'available': True, 'budget': 500}, 'product': {'available': True, 'budget': 28}, 'royalty': {'available': False, 'budget': 10}, 'equity': {'available': False, 'budget': 10}}",2020-07-31 21:34:27,2020-07-31 21:25:04,TRUE,FALSE,FALSE,TRUE,FALSE,2020-07-31 21:34:27
5ccbb15b981bb46551e147c9,5ccaf2ad144c892d5d7c6f1d,"{'cash': {'available': True, 'budget': 1500}, 'product': {'available': True, 'budget': 200}, 'royalty': {'available': False, 'budget': 10}, 'equity': {'available': False, 'budget': 10}}",2019-05-03 13:31:49,2019-05-03 3:11:23,TRUE,FALSE,FALSE,FALSE,FALSE,2019-05-08 17:35:43
60ad0a91c806270d387ae677,601a20f90fdbf80d38d33214,"{'cash': {'available': False, 'budget': 100, 'minBudget': 100}, 'product': {'available': True, 'budget': 2500, 'requestCC': True}, 'royalty': {'available': False, 'budget': 0}, 'equity': {'available': False, 'budget': 0}}",2021-05-25 15:09:05,2021-05-25 14:32:49,FALSE,FALSE,FALSE,TRUE,TRUE,2021-05-25 15:09:05
5e4d8ca7ee8fc90dd68ce4d3,5cbe020dc4f74a1687607055,"{'cash': {'available': True, 'budget': 1800}, 'product': {'available': True, 'budget': 100}, 'royalty': {'available': False, 'budget': 10}, 'equity': {'available': False, 'budget': 10}}",2020-05-14 20:47:14,2020-02-19 19:29:44,TRUE,FALSE,FALSE,FALSE,FALSE,2020-03-16 15:39:42
5f8eee1ff7681f0d2f785f43,5f3ac14e5241b50df1a5795a,"{'cash': {'available': True, 'budget': 2000}, 'product': {'available': True, 'budget': 500, 'requestCC': False}, 'royalty': {'available': False, 'budget': 0}, 'equity': {'available': False, 'budget': 0}}",2020-10-29 13:57:59,2020-10-20 14:03:11,TRUE,FALSE,FALSE,TRUE,FALSE,2020-10-29 13:57:59
6096c3e82e0fa80d7ae57b21,5fdbd2e17a93e80d7e4bf80a,"{'cash': {'available': True, 'budget': 5000, 'minBudget': 100}, 'product': {'available': False, 'budget': 100}, 'royalty': {'available': False, 'budget': 10}, 'equity': {'available': False, 'budget': 10}}",2021-05-08 17:01:28,2021-05-08 17:01:28,FALSE,FALSE,TRUE,FALSE,FALSE,
60b109e5afc1760d6da939ee,60a7bf23f78fb50d4e5e9c21,"{'equity': {'budget': 0, 'available': False}, 'royalty': {'budget': 0, 'available': False}, 'product': {'budget': 300, 'available': True, 'requestCC': False}, 'cash': {'budget': 5000, 'available': True, 'minBudget': 100}, 'mediaProduction': True}",2021-05-28 15:22:04,2021-05-28 15:19:01,FALSE,FALSE,TRUE,FALSE,FALSE,
5e9868466668230deca0fc30,5e87bbdf2b1f1c0db41cf68c,"{'cash': {'available': True, 'budget': 600}, 'product': {'available': False, 'budget': ''}, 'royalty': {'available': False, 'budget': 0}, 'equity': {'available': False, 'budget': 0}}",2020-04-16 18:53:57,2020-04-16 14:14:31,FALSE,TRUE,FALSE,TRUE,TRUE,2020-04-16 14:27:24
5feb5bfd7be06a0d6dd2b71d,5fea2d6d9657f90d541a9f1a,"{'equity': {'budget': 0, 'available': False}, 'royalty': {'budget': 0, 'available': False}, 'product': {'budget': 100, 'available': True, 'requestCC': False}, 'cash': {'budget': 250, 'available': True, 'minBudget': 1}}",2020-12-29 16:45:35,2020-12-29 16:40:29,TRUE,FALSE,FALSE,TRUE,FALSE,2020-12-29 16:45:35
615b5d0d16fbb80d6e7e813f,60de299baf6f4d16abe304c2,"{'cash': {'available': True, 'budget': 1500, 'minBudget': 500}, 'product': {'available': False, 'budget': 0, 'requestCC': False}, 'royalty': {'available': False, 'budget': 0}, 'equity': {'available': False, 'budget': 0}}",2021-10-04 20:21:16,2021-10-04 19:59:09,TRUE,FALSE,FALSE,TRUE,FALSE,2021-10-04 20:21:16
5c5ca664483d517ef3ab611b,,"{'cash': {'available': True, 'budget': 5000}, 'product': {'available': False, 'budget': 1}, 'royalty': {'available': False, 'budget': 10}, 'equity': {'available': False, 'budget': 10}}",2019-02-08 22:03:25,2019-02-08 22:07:07,TRUE,TRUE,FALSE,FALSE,FALSE,2019-02-08 22:06:45
5f74ef8c9328af14de7041aa,5f45774d821e0f188d80e0b9,"{'equity': {'budget': 0, 'available': False}, 'royalty': {'budget': 0, 'available': False}, 'product': {'budget': 5500, 'available': True, 'requestCC': True}, 'cash': {'budget': '', 'available': True}, 'mediaProduction': True}",2020-09-30 20:56:21,2020-09-30 20:50:20,TRUE,FALSE,FALSE,FALSE,TRUE,
6165e0198cb5300da0f780e7,605921413a00c812231621ae,"{'cash': {'available': False, 'minBudget': 100, 'budget': 100}, 'product': {'available': True, 'budget': 100}, 'royalty': {'available': False, 'budget': 10, 'prefix': 'percentage'}, 'equity': {'available': False, 'budget': 10, 'prefix': 'percentage'}}",2021-10-26 19:31:46,2021-10-12 19:20:58,FALSE,TRUE,TRUE,FALSE,TRUE,
5ef32b19c3d4590dbfe48702,5ef326906580fa0dae49671b,"{'cash': {'available': False, 'budget': ''}, 'product': {'available': False, 'budget': ''}, 'royalty': {'available': True, 'budget': 30}, 'equity': {'available': False, 'budget': 0}}",2020-11-15 4:02:21,2020-06-24 10:29:45,TRUE,FALSE,FALSE,TRUE,FALSE,2020-11-15 4:02:21
5c917434a3ca7874368e0a00,5c5226edb9a5f919a01bb091,"{'cash': {'available': False, 'budget': 100}, 'product': {'available': True, 'budget': 200}, 'royalty': {'available': False, 'budget': 10}, 'equity': {'available': False, 'budget': 10}}",2019-03-24 18:29:01,2019-03-19 22:59:00,TRUE,FALSE,FALSE,TRUE,FALSE,2019-03-19 23:53:45
5ec2fd4d8c68070dde85079b,5ec2c98b3993030ddd5ad3d7,"{'cash': {'available': True, 'budget': 100}, 'product': {'available': False, 'budget': 1}, 'royalty': {'available': True, 'budget': 70}, 'equity': {'available': False, 'budget': 0}}",2020-07-06 11:44:57,2020-05-18 21:25:33,FALSE,TRUE,FALSE,TRUE,TRUE,2020-05-20 20:37:44
5ca6575f7a36472b3a47c02c,59c415f4e10f8c601bf45911,"{'cash': {'available': True, 'budget': 1, 'open': True}, 'product': {'available': False, 'budget': 100}, 'royalty': {'available': False, 'budget': 10}, 'equity': {'available': False, 'budget': 10}}",2019-04-18 14:21:00,2019-04-08 19:13:36,TRUE,FALSE,FALSE,FALSE,FALSE,2019-04-08 18:53:07
5d97dba4be1f5c0dccfb2517,5d97da560deda10ddda96637,"{'cash': {'available': True, 'budget': 5000}, 'product': {'available': False, 'budget': 100}, 'royalty': {'available': False, 'budget': 10}, 'equity': {'available': False, 'budget': 10}}",2019-10-04 23:54:12,2019-10-04 23:54:12,FALSE,FALSE,TRUE,FALSE,FALSE,
608c2936067f030d49d84bfb,6060a6e016b5b80d6d4345d0,"{'cash': {'available': True, 'budget': 500, 'minBudget': 100}, 'product': {'available': True, 'budget': 100, 'requestCC': False}, 'royalty': {'available': False, 'budget': 10}, 'equity': {'available': False, 'budget': 10}}",2021-07-01 19:47:10,2021-04-30 15:58:47,TRUE,FALSE,FALSE,TRUE,FALSE,2021-07-01 19:47:10
609d8133fcd9350d861cba60,6060a6e016b5b80d6d4345d0,"{'cash': {'available': True, 'budget': 1500}, 'product': {'available': True, 'budget': 100, 'requestCC': False}, 'royalty': {'available': False, 'budget': 10}, 'equity': {'available': False, 'budget': 10}}",2021-05-28 18:48:50,2021-05-13 19:42:43,TRUE,FALSE,FALSE,TRUE,FALSE,2021-05-28 18:48:50
5d868c3501688c0dc6472a42,5d8689aa01688c0dc6472965,"{'cash': {'available': True, 'budget': 100000}, 'product': {'available': True, 'budget': 4500, 'requestCC': True}, 'royalty': {'available': True, 'budget': 100}, 'equity': {'available': True, 'budget': 89.5}}",2019-09-21 20:57:05,2019-09-21 20:46:46,FALSE,FALSE,TRUE,FALSE,FALSE,
5e0f9e62d381890dad3beeb0,5df8fa0b5479a90dd57e58a3,"{'cash': {'available': True, 'budget': 3000}, 'product': {'available': False, 'budget': 100}, 'royalty': {'available': False, 'budget': 10}, 'equity': {'available': False, 'budget': 10}}",2020-01-06 19:50:22,2020-01-03 20:04:51,TRUE,FALSE,FALSE,TRUE,FALSE,2020-01-06 15:42:13
5ed29beeba3a2e0de71d88a6,5ed299d5aaf7450dc74412b9,"{'cash': {'available': True, 'budget': 3100}, 'product': {'available': True, 'budget': 100}, 'royalty': {'available': False, 'budget': 2.4}, 'equity': {'available': False, 'budget': 10}}",2020-05-30 18:04:48,2020-05-30 17:46:23,FALSE,FALSE,TRUE,FALSE,FALSE,
5ebd9df6c928ac0dc6e8cb61,5e7badeaa9c0e70da29e1595,"{'cash': {'available': True, 'budget': 5000}, 'product': {'available': True, 'budget': 50}, 'royalty': {'available': False, 'budget': 10}, 'equity': {'available': False, 'budget': 10}}",2020-05-18 15:03:11,2020-05-14 19:37:26,TRUE,FALSE,FALSE,FALSE,FALSE,2020-05-18 15:20:22
5e7072c9834ea00def751849,5e6b158690a42c0de428467e,"{'cash': {'available': True, 'budget': 5000}, 'product': {'available': False, 'budget': 100}, 'royalty': {'available': False, 'budget': 10}, 'equity': {'available': False, 'budget': 10}}",2020-03-17 6:48:41,2020-03-17 6:48:41,FALSE,FALSE,TRUE,FALSE,FALSE,
5d3ab5291de89d51918cbd51,5bf410e7ac1bba1f88b9dadc,"{'cash': {'available': True, 'budget': 100}, 'product': {'available': True, 'budget': 250}, 'royalty': {'available': False, 'budget': 10}, 'equity': {'available': False, 'budget': 10}}",2019-07-26 8:37:50,2019-07-26 8:09:14,TRUE,FALSE,FALSE,FALSE,FALSE,2019-08-05 20:04:00
5ef53bc3a1ba840dbc4bac7d,5ef53a9732addc0dcce5be08,"{'cash': {'available': True, 'budget': 5000}, 'product': {'available': False, 'budget': 100}, 'royalty': {'available': False, 'budget': 10}, 'equity': {'available': False, 'budget': 10}}",2020-06-26 0:05:23,2020-06-26 0:05:23,FALSE,FALSE,TRUE,FALSE,FALSE,
5e790eabbba5ce0de33cd960,5e6f9dd6a097a90ddd63bd48,"{'cash': {'available': True, 'budget': 0}, 'product': {'available': True, 'budget': 0}, 'royalty': {'available': False, 'budget': 0}, 'equity': {'available': False, 'budget': 0}}",2020-03-23 19:31:56,2020-03-23 19:31:56,FALSE,FALSE,TRUE,FALSE,FALSE,
5ddda3edb255ce0dbed039c7,56fb496c7ed840380e1c1a8e,"{'cash': {'available': True, 'budget': 5000}, 'product': {'available': False, 'budget': 100}, 'royalty': {'available': True, 'budget': 10}, 'equity': {'available': False, 'budget': 10}}",2019-11-26 22:17:05,2019-11-26 22:15:10,FALSE,FALSE,TRUE,FALSE,FALSE,
5cb654efdd439b1c19da7a80,56fb496c7ed840380e1c1a8e,"{'cash': {'available': True, 'budget': 5000, 'open': True}, 'product': {'available': False, 'budget': 100}, 'royalty': {'available': False, 'budget': 10}, 'equity': {'available': False, 'budget': 10}}",2019-05-15 14:05:19,2019-04-16 22:19:27,TRUE,FALSE,FALSE,FALSE,FALSE,2019-06-24 19:36:35
5ff17d29a923780d6d8f5388,5ff171382cd9670d5933c600,"{'equity': {'budget': 0, 'available': False}, 'royalty': {'budget': 30.1, 'available': True}, 'product': {'budget': 0, 'available': True}, 'cash': {'budget': 0, 'available': False}}",2021-01-03 8:24:10,2021-01-03 8:15:38,FALSE,FALSE,TRUE,FALSE,FALSE,
5f5fcb1766fffa728b843b7b,5f5692666881dc0d56f8d904,"{'cash': {'available': True, 'budget': 500}, 'product': {'available': True, 'budget': 200}, 'royalty': {'available': False, 'budget': 0}, 'equity': {'available': False, 'budget': 0}}",2020-09-14 19:59:26,2020-09-14 19:57:12,TRUE,FALSE,FALSE,TRUE,FALSE,2020-09-14 19:59:26
5cffbac7aa9239460521496d,5ced481646ea1f5c72de4bf6,"{'cash': {'available': True, 'budget': 250}, 'product': {'available': True, 'budget': 300}, 'royalty': {'available': True, 'budget': 15}, 'equity': {'available': False, 'budget': 0}}",2019-06-27 15:23:16,2019-06-11 14:29:28,TRUE,FALSE,FALSE,FALSE,FALSE,2019-06-11 21:08:31
5eed1ecfe741a20dbe336f39,56fb496c7ed840380e1c1a8e,"{'cash': {'available': False, 'budget': 0}, 'product': {'available': False, 'budget': 0}, 'royalty': {'available': False, 'budget': 0}, 'equity': {'available': False, 'budget': 0}}",2020-06-19 20:23:43,2020-06-19 20:23:43,FALSE,FALSE,TRUE,FALSE,FALSE,
613f8b198659dd0d62611c62,594bcc4164f1363a087f4c79,"{'cash': {'available': False, 'budget': ''}, 'product': {'available': True, 'budget': 100, 'requestCC': False}, 'royalty': {'available': False, 'budget': 10}, 'equity': {'available': False, 'budget': 10}}",2021-09-13 17:32:09,2021-09-13 17:32:09,TRUE,FALSE,FALSE,TRUE,TRUE,2021-10-01 17:56:04
5e45b0dd8ac2680de7486180,5e45acf51f436b0de03679f3,"{'cash': {'available': True, 'budget': 1000}, 'product': {'available': True, 'budget': 450}, 'royalty': {'available': False, 'budget': 0}, 'equity': {'available': False, 'budget': 0}}",2020-02-14 17:10:03,2020-02-13 20:26:06,TRUE,FALSE,FALSE,TRUE,FALSE,2020-02-14 17:05:05